/*
Navicat MySQL Data Transfer

Source Server         : localhost
Source Server Version : 50553
Source Host           : localhost:3306
Source Database       : vuelar

Target Server Type    : MYSQL
Target Server Version : 50553
File Encoding         : 65001

Date: 2017-04-19 15:15:20
*/

SET FOREIGN_KEY_CHECKS=0;

-- ----------------------------
-- Table structure for `vl_column`
-- ----------------------------
DROP TABLE IF EXISTS `vl_column`;
CREATE TABLE `vl_column` (
  `id` int(6) NOT NULL AUTO_INCREMENT COMMENT '栏位id',
  `table_id` int(11) NOT NULL COMMENT '表ID',
  `Field` char(255) NOT NULL COMMENT '字段名',
  `Comment` char(255) DEFAULT NULL COMMENT '注释',
  `Type` char(255) DEFAULT NULL COMMENT '类型',
  `Key` char(255) DEFAULT NULL COMMENT '主键',
  `introduce` text COMMENT '介绍字段',
  `Null` char(255) DEFAULT NULL COMMENT '能否为空',
  `Default` char(255) DEFAULT NULL COMMENT '默认值',
  PRIMARY KEY (`id`)
) ENGINE=MyISAM AUTO_INCREMENT=1244 DEFAULT CHARSET=utf8;

-- ----------------------------
-- Records of vl_column
-- ----------------------------
INSERT INTO `vl_column` VALUES ('348', '51', 'password', '密码', 'char(255)', '', null, 'NO', '123456');
INSERT INTO `vl_column` VALUES ('343', '51', 'type', '数据库类型', 'char(255)', '', null, 'NO', 'mysql');
INSERT INTO `vl_column` VALUES ('344', '51', 'dsn', 'dsn', 'char(255)', '', null, 'YES', null);
INSERT INTO `vl_column` VALUES ('345', '51', 'database', '数据库', 'char(255)', '', null, 'NO', 'manp');
INSERT INTO `vl_column` VALUES ('346', '51', 'hostname', '主机名', 'char(255)', '', null, 'NO', 'localhost');
INSERT INTO `vl_column` VALUES ('347', '51', 'username', '用户名', 'char(255)', '', null, 'NO', 'root');
INSERT INTO `vl_column` VALUES ('426', '61', 'introduce', '介绍', 'text', '', null, 'YES', null);
INSERT INTO `vl_column` VALUES ('427', '61', 'user_id', '用户id', 'int(6)', '', null, 'YES', null);
INSERT INTO `vl_column` VALUES ('425', '61', 'comment', '注释', 'varchar(40)', '', null, 'YES', null);
INSERT INTO `vl_column` VALUES ('409', '60', 'Key', '主键', 'char(255)', '', null, 'YES', null);
INSERT INTO `vl_column` VALUES ('410', '60', 'introduce', '介绍字段', 'text', '', null, 'YES', null);
INSERT INTO `vl_column` VALUES ('411', '60', 'Null', '能否为空', 'char(255)', '', null, 'YES', null);
INSERT INTO `vl_column` VALUES ('412', '60', 'Default', '默认值', 'char(255)', '', null, 'YES', null);
INSERT INTO `vl_column` VALUES ('413', '61', 'id', '数据库id', 'int(11)', 'PRI', null, 'NO', null);
INSERT INTO `vl_column` VALUES ('414', '61', 'driver', '数据库类型', 'char(255)', '', null, 'NO', 'mysql');
INSERT INTO `vl_column` VALUES ('415', '61', 'dsn', 'dsn', 'char(255)', '', null, 'YES', null);
INSERT INTO `vl_column` VALUES ('416', '61', 'database', '数据库', 'char(40)', '', '迄今为止，在我们的模板中，我们一直都只绑定简单的属性键值。但实际上，对于所有的数据绑定， Vue.js 都提供了完全的 JavaScript 表达式支持。  {{ number + 1 }} {{ ok ? \'YES\' : \'NO\' }} {{ message.split(\'\').reverse().join(\'\') }} <div v-bind:id=\"\'list-\' + id\"></div>  这些表达式会在所属 Vue 实例的数据作用域下作为 JavaScript 被解析。有个限制就是，每个绑定都只能包含单个表达式，所以下面的例子都不会生效。', 'NO', 'manp');
INSERT INTO `vl_column` VALUES ('417', '61', 'host', '主机名', 'char(40)', '', null, 'NO', 'localhost');
INSERT INTO `vl_column` VALUES ('418', '61', 'username', '用户名', 'char(40)', '', null, 'NO', 'root');
INSERT INTO `vl_column` VALUES ('419', '61', 'password', '密码', 'char(40)', '', null, 'NO', '123456');
INSERT INTO `vl_column` VALUES ('420', '61', 'prefix', '表前缀', 'char(255)', '', null, 'YES', null);
INSERT INTO `vl_column` VALUES ('421', '61', 'charset', '字符集', 'char(255)', '', null, 'YES', 'utf8');
INSERT INTO `vl_column` VALUES ('422', '61', 'port', '端口号', 'int(6)', '', null, 'YES', '3306');
INSERT INTO `vl_column` VALUES ('423', '61', 'params', '额外参数', 'char(255)', '', null, 'YES', null);
INSERT INTO `vl_column` VALUES ('424', '61', 'collation', '字符集', 'varchar(40)', '', null, 'YES', null);
INSERT INTO `vl_column` VALUES ('349', '51', 'prefix', '表前缀', 'char(255)', '', null, 'YES', null);
INSERT INTO `vl_column` VALUES ('350', '51', 'charset', '字符集', 'char(255)', '', null, 'YES', 'utf8');
INSERT INTO `vl_column` VALUES ('351', '51', 'hostport', '端口号', 'int(6)', '', null, 'YES', '3306');
INSERT INTO `vl_column` VALUES ('352', '51', 'params', '额外参数', 'char(255)', '', null, 'YES', null);
INSERT INTO `vl_column` VALUES ('353', '51', 'user_id', '用户id', 'int(6)', '', null, 'YES', null);
INSERT INTO `vl_column` VALUES ('354', '52', 'ID', '', 'int(11)', 'PRI', null, 'NO', null);
INSERT INTO `vl_column` VALUES ('355', '52', 'dic', '单词', 'varchar(60)', '', null, 'YES', null);
INSERT INTO `vl_column` VALUES ('356', '52', 'read', '音标', 'varchar(30)', '', null, 'YES', null);
INSERT INTO `vl_column` VALUES ('357', '52', 'parse', '解释', 'varchar(255)', '', null, 'YES', null);
INSERT INTO `vl_column` VALUES ('358', '53', 'id', '栏位id', 'int(6)', 'PRI', null, 'NO', null);
INSERT INTO `vl_column` VALUES ('359', '53', 'name', '表名', 'char(255)', '', '前缀已去除', 'NO', null);
INSERT INTO `vl_column` VALUES ('360', '53', 'Field', '字段名', 'char(255)', '', null, 'NO', null);
INSERT INTO `vl_column` VALUES ('361', '53', 'Comment', '注释', 'char(255)', '', null, 'YES', null);
INSERT INTO `vl_column` VALUES ('362', '53', 'Type', '类型', 'char(255)', '', null, 'YES', null);
INSERT INTO `vl_column` VALUES ('363', '53', 'Key', '主键', 'char(255)', '', null, 'YES', null);
INSERT INTO `vl_column` VALUES ('364', '53', 'Null', '能否为空', 'char(255)', '', null, 'YES', null);
INSERT INTO `vl_column` VALUES ('365', '53', 'Default', '默认值', 'char(255)', '', null, 'YES', null);
INSERT INTO `vl_column` VALUES ('366', '53', 'database_id', '数据库id', 'int(11)', '', null, 'NO', null);
INSERT INTO `vl_column` VALUES ('367', '54', 'id', '用户id', 'int(11)', 'PRI', null, 'NO', null);
INSERT INTO `vl_column` VALUES ('368', '54', 'user', '用户名', 'char(255)', '', '长度最好是8-40位', 'NO', null);
INSERT INTO `vl_column` VALUES ('369', '54', 'password', '密码', 'char(255)', '', null, 'NO', null);
INSERT INTO `vl_column` VALUES ('437', '64', 'real_name', '真实姓名', 'varchar(40)', '', '真实的姓名', 'YES', null);
INSERT INTO `vl_column` VALUES ('436', '64', 'pwd', '密码', 'varchar(40)', '', null, 'NO', null);
INSERT INTO `vl_column` VALUES ('435', '64', 'user', '用户名', 'varchar(10)', '', null, 'NO', null);
INSERT INTO `vl_column` VALUES ('434', '64', 'id', '', 'int(11)', 'PRI', null, 'NO', null);
INSERT INTO `vl_column` VALUES ('433', '63', 'db_id', '数据库ID', 'int(11)', '', null, 'NO', null);
INSERT INTO `vl_column` VALUES ('432', '63', 'introduce', '表介绍', 'text', '', null, 'YES', null);
INSERT INTO `vl_column` VALUES ('431', '63', 'comment', '表的注释', 'varchar(20)', '', null, 'YES', null);
INSERT INTO `vl_column` VALUES ('430', '63', 'name', '表名', 'varchar(20)', '', null, 'NO', null);
INSERT INTO `vl_column` VALUES ('429', '63', 'id', '', 'int(11)', 'PRI', null, 'NO', null);
INSERT INTO `vl_column` VALUES ('342', '51', 'id', '数据库id', 'int(11)', 'PRI', null, 'NO', null);
INSERT INTO `vl_column` VALUES ('408', '60', 'Type', '类型', 'char(255)', '', null, 'YES', null);
INSERT INTO `vl_column` VALUES ('407', '60', 'Comment', '注释', 'char(255)', '', null, 'YES', null);
INSERT INTO `vl_column` VALUES ('406', '60', 'Field', '字段名', 'char(255)', '', null, 'NO', null);
INSERT INTO `vl_column` VALUES ('405', '60', 'table_id', '表ID', 'int(11)', '', null, 'NO', null);
INSERT INTO `vl_column` VALUES ('404', '60', 'id', '栏位id', 'int(6)', 'PRI', null, 'NO', null);
INSERT INTO `vl_column` VALUES ('438', '64', 'nick_name', '昵称', 'varchar(40)', '', null, 'YES', null);
INSERT INTO `vl_column` VALUES ('445', '69', 'id', '', 'int(11)', 'PRI', null, 'NO', null);
INSERT INTO `vl_column` VALUES ('446', '69', 'sign', '', 'char(1)', '', null, 'NO', null);
INSERT INTO `vl_column` VALUES ('447', '69', 'code', '', 'char(5)', '', null, 'NO', null);
INSERT INTO `vl_column` VALUES ('448', '69', 'money', '', 'char(4)', '', null, 'YES', null);
INSERT INTO `vl_column` VALUES ('449', '69', 'content', '', 'varchar(120)', '', null, 'NO', null);
INSERT INTO `vl_column` VALUES ('450', '69', 'law', '', 'varchar(200)', '', null, 'YES', null);
INSERT INTO `vl_column` VALUES ('451', '69', 'isShow', '', 'int(1)', '', null, 'YES', '1');
INSERT INTO `vl_column` VALUES ('452', '69', 'wrong', '', 'smallint(6)', '', null, 'YES', null);
INSERT INTO `vl_column` VALUES ('453', '70', 'id', '', 'int(11)', 'PRI', null, 'NO', null);
INSERT INTO `vl_column` VALUES ('454', '70', 'xh', '', 'char(16)', '', null, 'YES', null);
INSERT INTO `vl_column` VALUES ('455', '70', 'cjjg', '', 'char(12)', '', null, 'YES', null);
INSERT INTO `vl_column` VALUES ('456', '70', 'clfl', '', 'char(1)', '', null, 'YES', null);
INSERT INTO `vl_column` VALUES ('457', '70', 'hpzl', '', 'char(2)', '', null, 'YES', null);
INSERT INTO `vl_column` VALUES ('458', '70', 'hphm', '', 'char(15)', '', null, 'YES', null);
INSERT INTO `vl_column` VALUES ('459', '70', 'jdcsyr', '', 'char(128)', '', null, 'YES', null);
INSERT INTO `vl_column` VALUES ('460', '70', 'syxz', '', 'char(1)', '', null, 'YES', null);
INSERT INTO `vl_column` VALUES ('461', '70', 'fdjh', '', 'char(10)', '', null, 'YES', null);
INSERT INTO `vl_column` VALUES ('462', '70', 'clsbdh', '', 'char(35)', '', null, 'YES', null);
INSERT INTO `vl_column` VALUES ('463', '70', 'csys', '', 'char(5)', '', null, 'YES', null);
INSERT INTO `vl_column` VALUES ('464', '70', 'clpp', '', 'char(32)', '', null, 'YES', null);
INSERT INTO `vl_column` VALUES ('465', '70', 'jtfs', '', 'char(3)', '', null, 'YES', null);
INSERT INTO `vl_column` VALUES ('466', '70', 'fzjg', '', 'char(10)', '', null, 'YES', null);
INSERT INTO `vl_column` VALUES ('467', '70', 'zsxzqh', '', 'char(10)', '', null, 'YES', null);
INSERT INTO `vl_column` VALUES ('468', '70', 'zsxxdz', '', 'char(128)', '', null, 'YES', null);
INSERT INTO `vl_column` VALUES ('469', '70', 'dh', '', 'char(50)', '', null, 'YES', null);
INSERT INTO `vl_column` VALUES ('470', '70', 'lxfs', '', 'char(128)', '', null, 'YES', null);
INSERT INTO `vl_column` VALUES ('471', '70', 'tzsh', '', 'char(15)', '', null, 'YES', null);
INSERT INTO `vl_column` VALUES ('472', '70', 'tzrq', '', 'timestamp', '', null, 'YES', null);
INSERT INTO `vl_column` VALUES ('473', '70', 'cjfs', '', 'char(1)', '', null, 'NO', null);
INSERT INTO `vl_column` VALUES ('474', '70', 'wfsj', '', 'timestamp', '', null, 'YES', null);
INSERT INTO `vl_column` VALUES ('475', '70', 'xzqh', '', 'char(6)', '', null, 'YES', null);
INSERT INTO `vl_column` VALUES ('476', '70', 'wfdd', '', 'char(5)', '', null, 'YES', null);
INSERT INTO `vl_column` VALUES ('477', '70', 'lddm', '', 'char(4)', '', null, 'YES', null);
INSERT INTO `vl_column` VALUES ('478', '70', 'ddms', '', 'char(3)', '', null, 'YES', null);
INSERT INTO `vl_column` VALUES ('479', '70', 'wfdz', '', 'char(128)', '', null, 'YES', null);
INSERT INTO `vl_column` VALUES ('480', '70', 'wfxw', '', 'char(5)', '', null, 'YES', null);
INSERT INTO `vl_column` VALUES ('481', '70', 'scz', '', 'char(6)', '', null, 'YES', null);
INSERT INTO `vl_column` VALUES ('482', '70', 'bzz', '', 'char(6)', '', null, 'YES', null);
INSERT INTO `vl_column` VALUES ('483', '70', 'zqmj', '', 'char(30)', '', null, 'YES', null);
INSERT INTO `vl_column` VALUES ('484', '70', 'zpstr1', '', 'char(128)', '', null, 'NO', null);
INSERT INTO `vl_column` VALUES ('485', '70', 'zpstr2', '', 'char(128)', '', null, 'YES', null);
INSERT INTO `vl_column` VALUES ('486', '70', 'xsfx', '', 'char(2)', '', null, 'YES', null);
INSERT INTO `vl_column` VALUES ('487', '70', 'stat', '', 'int(1)', '', null, 'YES', null);
INSERT INTO `vl_column` VALUES ('488', '70', 'zfyy', '', 'char(128)', '', null, 'YES', null);
INSERT INTO `vl_column` VALUES ('489', '70', 'print', '', 'char(1)', '', null, 'YES', null);
INSERT INTO `vl_column` VALUES ('490', '70', 'username', '', 'char(20)', '', null, 'NO', null);
INSERT INTO `vl_column` VALUES ('491', '70', 'ltime', '', 'timestamp', '', null, 'NO', 'CURRENT_TIMESTAMP');
INSERT INTO `vl_column` VALUES ('492', '70', 'utime', '', 'timestamp', '', null, 'YES', null);
INSERT INTO `vl_column` VALUES ('493', '70', 'clxh', '', 'char(32)', '', null, 'YES', null);
INSERT INTO `vl_column` VALUES ('494', '70', 'yzbm', '', 'char(6)', '', null, 'YES', null);
INSERT INTO `vl_column` VALUES ('495', '70', 'yxqz', '', 'timestamp', '', null, 'YES', null);
INSERT INTO `vl_column` VALUES ('496', '70', 'qzbfqz', '', 'timestamp', '', null, 'YES', null);
INSERT INTO `vl_column` VALUES ('497', '70', 'crsId', '', 'int(11)', '', null, 'NO', null);
INSERT INTO `vl_column` VALUES ('498', '70', 'userip', '', 'char(46)', '', null, 'YES', null);
INSERT INTO `vl_column` VALUES ('499', '71', 'id', '', 'int(11)', 'PRI', null, 'NO', null);
INSERT INTO `vl_column` VALUES ('500', '71', 'xh', '', 'char(16)', '', null, 'YES', null);
INSERT INTO `vl_column` VALUES ('501', '71', 'cjjg', '', 'char(12)', '', null, 'YES', null);
INSERT INTO `vl_column` VALUES ('502', '71', 'clfl', '', 'char(1)', '', null, 'YES', null);
INSERT INTO `vl_column` VALUES ('503', '71', 'hpzl', '', 'char(2)', '', null, 'YES', null);
INSERT INTO `vl_column` VALUES ('504', '71', 'hphm', '', 'char(15)', '', null, 'YES', null);
INSERT INTO `vl_column` VALUES ('505', '71', 'jdcsyr', '', 'char(128)', '', null, 'YES', null);
INSERT INTO `vl_column` VALUES ('506', '71', 'syxz', '', 'char(1)', '', null, 'YES', null);
INSERT INTO `vl_column` VALUES ('507', '71', 'fdjh', '', 'char(10)', '', null, 'YES', null);
INSERT INTO `vl_column` VALUES ('508', '71', 'clsbdh', '', 'char(35)', '', null, 'YES', null);
INSERT INTO `vl_column` VALUES ('509', '71', 'csys', '', 'char(5)', '', null, 'YES', null);
INSERT INTO `vl_column` VALUES ('510', '71', 'clpp', '', 'char(32)', '', null, 'YES', null);
INSERT INTO `vl_column` VALUES ('511', '71', 'jtfs', '', 'char(3)', '', null, 'YES', null);
INSERT INTO `vl_column` VALUES ('512', '71', 'fzjg', '', 'char(10)', '', null, 'YES', null);
INSERT INTO `vl_column` VALUES ('513', '71', 'zsxzqh', '', 'char(10)', '', null, 'YES', null);
INSERT INTO `vl_column` VALUES ('514', '71', 'zsxxdz', '', 'char(128)', '', null, 'YES', null);
INSERT INTO `vl_column` VALUES ('515', '71', 'dh', '', 'char(50)', '', null, 'YES', null);
INSERT INTO `vl_column` VALUES ('516', '71', 'lxfs', '', 'char(128)', '', null, 'YES', null);
INSERT INTO `vl_column` VALUES ('517', '71', 'tzsh', '', 'char(15)', '', null, 'YES', null);
INSERT INTO `vl_column` VALUES ('518', '71', 'tzrq', '', 'timestamp', '', null, 'YES', null);
INSERT INTO `vl_column` VALUES ('519', '71', 'cjfs', '', 'char(1)', '', null, 'NO', null);
INSERT INTO `vl_column` VALUES ('520', '71', 'wfsj', '', 'timestamp', '', null, 'YES', null);
INSERT INTO `vl_column` VALUES ('521', '71', 'xzqh', '', 'char(6)', '', null, 'YES', null);
INSERT INTO `vl_column` VALUES ('522', '71', 'wfdd', '', 'char(5)', '', null, 'YES', null);
INSERT INTO `vl_column` VALUES ('523', '71', 'lddm', '', 'char(4)', '', null, 'YES', null);
INSERT INTO `vl_column` VALUES ('524', '71', 'ddms', '', 'char(3)', '', null, 'YES', null);
INSERT INTO `vl_column` VALUES ('525', '71', 'wfdz', '', 'char(128)', '', null, 'YES', null);
INSERT INTO `vl_column` VALUES ('526', '71', 'wfxw', '', 'char(5)', '', null, 'YES', null);
INSERT INTO `vl_column` VALUES ('527', '71', 'scz', '', 'char(6)', '', null, 'YES', null);
INSERT INTO `vl_column` VALUES ('528', '71', 'bzz', '', 'char(6)', '', null, 'YES', null);
INSERT INTO `vl_column` VALUES ('529', '71', 'zqmj', '', 'char(30)', '', null, 'YES', null);
INSERT INTO `vl_column` VALUES ('530', '71', 'zpstr1', '', 'char(128)', '', null, 'NO', null);
INSERT INTO `vl_column` VALUES ('531', '71', 'zpstr2', '', 'char(128)', '', null, 'YES', null);
INSERT INTO `vl_column` VALUES ('532', '71', 'xsfx', '', 'char(2)', '', null, 'YES', null);
INSERT INTO `vl_column` VALUES ('533', '71', 'stat', '', 'int(1)', '', null, 'YES', null);
INSERT INTO `vl_column` VALUES ('534', '71', 'zfyy', '', 'char(128)', '', null, 'YES', null);
INSERT INTO `vl_column` VALUES ('535', '71', 'print', '', 'char(1)', '', null, 'YES', null);
INSERT INTO `vl_column` VALUES ('536', '71', 'username', '', 'char(20)', '', null, 'NO', null);
INSERT INTO `vl_column` VALUES ('537', '71', 'ltime', '', 'timestamp', '', null, 'NO', 'CURRENT_TIMESTAMP');
INSERT INTO `vl_column` VALUES ('538', '71', 'utime', '', 'timestamp', '', null, 'YES', null);
INSERT INTO `vl_column` VALUES ('539', '71', 'clxh', '', 'char(32)', '', null, 'YES', null);
INSERT INTO `vl_column` VALUES ('540', '71', 'yzbm', '', 'char(6)', '', null, 'YES', null);
INSERT INTO `vl_column` VALUES ('541', '71', 'yxqz', '', 'timestamp', '', null, 'YES', null);
INSERT INTO `vl_column` VALUES ('542', '71', 'qzbfqz', '', 'timestamp', '', null, 'YES', null);
INSERT INTO `vl_column` VALUES ('543', '71', 'crsId', '', 'int(11)', '', null, 'NO', null);
INSERT INTO `vl_column` VALUES ('544', '71', 'userip', '', 'char(46)', '', null, 'YES', null);
INSERT INTO `vl_column` VALUES ('545', '72', 'id', '', 'int(11)', 'PRI', null, 'NO', null);
INSERT INTO `vl_column` VALUES ('546', '72', 'hpt', '', 'char(11)', '', null, 'YES', null);
INSERT INTO `vl_column` VALUES ('547', '72', 'fzjg', '', 'char(11)', '', null, 'YES', null);
INSERT INTO `vl_column` VALUES ('548', '73', 'ddqc', '', 'char(50)', '', null, 'NO', null);
INSERT INTO `vl_column` VALUES ('549', '73', 'zwqc', '', 'char(50)', '', null, 'NO', null);
INSERT INTO `vl_column` VALUES ('550', '73', 'zwjc', '', 'char(50)', '', null, 'NO', null);
INSERT INTO `vl_column` VALUES ('551', '73', 'ywqc', '', 'char(30)', '', null, 'NO', null);
INSERT INTO `vl_column` VALUES ('552', '73', 'ywjc', '', 'char(30)', '', null, 'NO', null);
INSERT INTO `vl_column` VALUES ('553', '73', 'xtmc', '', 'char(30)', '', null, 'NO', null);
INSERT INTO `vl_column` VALUES ('554', '73', 'bqxx', '', 'char(30)', '', null, 'NO', null);
INSERT INTO `vl_column` VALUES ('555', '73', 'zxbb', '', 'char(30)', '', null, 'NO', null);
INSERT INTO `vl_column` VALUES ('556', '73', 'gswx', '', 'char(20)', '', null, 'YES', null);
INSERT INTO `vl_column` VALUES ('557', '73', 'gsdh', '', 'char(20)', '', null, 'YES', null);
INSERT INTO `vl_column` VALUES ('558', '73', 'gscz', '', 'char(20)', '', null, 'YES', null);
INSERT INTO `vl_column` VALUES ('559', '73', 'czxx', '', 'char(50)', '', null, 'YES', null);
INSERT INTO `vl_column` VALUES ('560', '73', 'gywm', '', 'varchar(3000)', '', null, 'YES', null);
INSERT INTO `vl_column` VALUES ('561', '73', 'bbsm', '', 'varchar(3000)', '', null, 'YES', null);
INSERT INTO `vl_column` VALUES ('562', '73', 'xtbz', '', 'varchar(3000)', '', null, 'YES', null);
INSERT INTO `vl_column` VALUES ('563', '73', 'jklx', '', 'char(1)', '', null, 'NO', null);
INSERT INTO `vl_column` VALUES ('564', '73', 'jkms', '', 'char(1)', '', null, 'NO', null);
INSERT INTO `vl_column` VALUES ('565', '73', 'jkdz', '', 'varchar(255)', '', null, 'YES', null);
INSERT INTO `vl_column` VALUES ('566', '73', 'jkxh', '', 'char(128)', '', null, 'YES', null);
INSERT INTO `vl_column` VALUES ('567', '73', 'lbsl', '', 'char(10)', '', null, 'NO', null);
INSERT INTO `vl_column` VALUES ('568', '73', 'cdys', '', 'char(10)', '', null, 'YES', null);
INSERT INTO `vl_column` VALUES ('569', '73', 'scdx', '', 'char(10)', '', null, 'YES', null);
INSERT INTO `vl_column` VALUES ('570', '73', 'sfjc', '', 'char(2)', '', null, 'YES', null);
INSERT INTO `vl_column` VALUES ('571', '73', 'cpqh', '', 'char(1)', '', null, 'YES', null);
INSERT INTO `vl_column` VALUES ('572', '73', 'hpzl', '', 'char(2)', '', null, 'YES', null);
INSERT INTO `vl_column` VALUES ('573', '73', 'clfl', '', 'char(1)', '', null, 'YES', null);
INSERT INTO `vl_column` VALUES ('574', '73', 'wfxw', '', 'char(5)', '', null, 'YES', null);
INSERT INTO `vl_column` VALUES ('575', '73', 'zfyy', '', 'char(20)', '', null, 'YES', null);
INSERT INTO `vl_column` VALUES ('576', '73', 'jxdz', '', 'char(50)', '', null, 'YES', null);
INSERT INTO `vl_column` VALUES ('577', '73', 'jxyb', '', 'char(6)', '', null, 'YES', null);
INSERT INTO `vl_column` VALUES ('578', '73', 'lxr', '', 'char(10)', '', null, 'YES', null);
INSERT INTO `vl_column` VALUES ('579', '73', 'dhhm', '', 'char(25)', '', null, 'YES', null);
INSERT INTO `vl_column` VALUES ('580', '74', 'id', '', 'int(11) unsigned zerofill', 'PRI', null, 'NO', null);
INSERT INTO `vl_column` VALUES ('581', '74', 'username', '', 'varchar(20)', '', null, 'NO', '');
INSERT INTO `vl_column` VALUES ('582', '74', 'ctime', '', 'char(20)', '', null, 'NO', '');
INSERT INTO `vl_column` VALUES ('583', '74', 'module', '', 'tinyint(2)', '', null, 'NO', '0');
INSERT INTO `vl_column` VALUES ('584', '74', 'act', '', 'varchar(30)', '', null, 'NO', '');
INSERT INTO `vl_column` VALUES ('585', '75', 'id', '', 'int(11)', 'PRI', null, 'NO', null);
INSERT INTO `vl_column` VALUES ('586', '75', 'clfl', '', 'char(1)', '', null, 'NO', null);
INSERT INTO `vl_column` VALUES ('587', '75', 'hpzl', '', 'char(2)', '', null, 'NO', null);
INSERT INTO `vl_column` VALUES ('588', '75', 'hphm', '', 'char(15)', '', null, 'NO', null);
INSERT INTO `vl_column` VALUES ('589', '75', 'jdcsyr', '', 'char(128)', '', null, 'YES', null);
INSERT INTO `vl_column` VALUES ('590', '75', 'syxz', '', 'char(1)', '', null, 'YES', null);
INSERT INTO `vl_column` VALUES ('591', '75', 'csys', '', 'char(1)', '', null, 'YES', null);
INSERT INTO `vl_column` VALUES ('592', '75', 'clpp', '', 'char(32)', '', null, 'YES', null);
INSERT INTO `vl_column` VALUES ('593', '75', 'dh', '', 'char(50)', '', null, 'YES', null);
INSERT INTO `vl_column` VALUES ('594', '75', 'pic', '', 'varchar(255)', '', null, 'YES', null);
INSERT INTO `vl_column` VALUES ('595', '75', 'reason', '', 'varchar(255)', '', null, 'YES', null);
INSERT INTO `vl_column` VALUES ('596', '75', 'who', '', 'char(20)', '', null, 'YES', null);
INSERT INTO `vl_column` VALUES ('597', '75', 'sign', '', 'char(1)', '', null, 'NO', null);
INSERT INTO `vl_column` VALUES ('598', '75', 'mode', '', 'char(1)', '', null, 'NO', null);
INSERT INTO `vl_column` VALUES ('599', '75', 'hide', '', 'char(1)', '', null, 'NO', null);
INSERT INTO `vl_column` VALUES ('600', '76', 'map_id', '', 'int(11)', 'PRI', null, 'NO', null);
INSERT INTO `vl_column` VALUES ('601', '76', 'hpt', '', 'varchar(3)', '', null, 'YES', null);
INSERT INTO `vl_column` VALUES ('602', '76', 'fzjg', '', 'varchar(3)', '', null, 'YES', null);
INSERT INTO `vl_column` VALUES ('603', '77', 'id', '', 'int(11) unsigned', 'PRI', null, 'NO', null);
INSERT INTO `vl_column` VALUES ('604', '77', 'hphm', '', 'varchar(15)', '', null, 'NO', null);
INSERT INTO `vl_column` VALUES ('605', '77', 'hpzl', '', 'varchar(3)', '', null, 'NO', null);
INSERT INTO `vl_column` VALUES ('606', '77', 'dh', '', 'varchar(50)', '', null, 'YES', null);
INSERT INTO `vl_column` VALUES ('607', '78', 'roleId', '', 'int(11)', 'PRI', null, 'NO', null);
INSERT INTO `vl_column` VALUES ('608', '78', 'roleName', '', 'char(20)', '', null, 'NO', null);
INSERT INTO `vl_column` VALUES ('609', '78', 'roleExplain', '', 'varchar(255)', '', null, 'YES', null);
INSERT INTO `vl_column` VALUES ('610', '78', 'rolePurview', '', 'varchar(1000)', '', null, 'NO', null);
INSERT INTO `vl_column` VALUES ('611', '78', 'roleModule', '', 'char(100)', '', null, 'YES', null);
INSERT INTO `vl_column` VALUES ('612', '78', 'isShow', '', 'int(1)', '', null, 'YES', '1');
INSERT INTO `vl_column` VALUES ('613', '79', 'treeId', '', 'int(11)', 'PRI', null, 'NO', null);
INSERT INTO `vl_column` VALUES ('614', '79', 'parentId', '', 'char(2)', '', null, 'NO', null);
INSERT INTO `vl_column` VALUES ('615', '79', 'orderId', '', 'char(2)', '', null, 'NO', null);
INSERT INTO `vl_column` VALUES ('616', '79', 'treePrv', '', 'char(2)', '', null, 'NO', null);
INSERT INTO `vl_column` VALUES ('617', '79', 'treeName', '', 'char(16)', '', null, 'NO', null);
INSERT INTO `vl_column` VALUES ('618', '79', 'url', '', 'char(30)', '', null, 'YES', null);
INSERT INTO `vl_column` VALUES ('619', '79', 'module', '', 'char(4)', '', null, 'NO', null);
INSERT INTO `vl_column` VALUES ('620', '79', 'isShow', '', 'int(1)', '', null, 'YES', '1');
INSERT INTO `vl_column` VALUES ('621', '80', 'id', '', 'int(11)', 'PRI', null, 'NO', null);
INSERT INTO `vl_column` VALUES ('622', '80', 'xh', '', 'char(16)', '', null, 'YES', null);
INSERT INTO `vl_column` VALUES ('623', '80', 'cjjg', '', 'char(12)', '', null, 'YES', null);
INSERT INTO `vl_column` VALUES ('624', '80', 'clfl', '', 'char(1)', '', null, 'YES', null);
INSERT INTO `vl_column` VALUES ('625', '80', 'hpzl', '', 'char(2)', '', null, 'YES', null);
INSERT INTO `vl_column` VALUES ('626', '80', 'hphm', '', 'char(15)', '', null, 'YES', null);
INSERT INTO `vl_column` VALUES ('627', '80', 'jdcsyr', '', 'char(128)', '', null, 'YES', null);
INSERT INTO `vl_column` VALUES ('628', '80', 'syxz', '', 'char(1)', '', null, 'YES', null);
INSERT INTO `vl_column` VALUES ('629', '80', 'fdjh', '', 'char(10)', '', null, 'YES', null);
INSERT INTO `vl_column` VALUES ('630', '80', 'clsbdh', '', 'char(35)', '', null, 'YES', null);
INSERT INTO `vl_column` VALUES ('631', '80', 'csys', '', 'char(5)', '', null, 'YES', null);
INSERT INTO `vl_column` VALUES ('632', '80', 'clpp', '', 'char(32)', '', null, 'YES', null);
INSERT INTO `vl_column` VALUES ('633', '80', 'jtfs', '', 'char(3)', '', null, 'YES', null);
INSERT INTO `vl_column` VALUES ('634', '80', 'fzjg', '', 'char(10)', '', null, 'YES', null);
INSERT INTO `vl_column` VALUES ('635', '80', 'zsxzqh', '', 'char(10)', '', null, 'YES', null);
INSERT INTO `vl_column` VALUES ('636', '80', 'zsxxdz', '', 'char(128)', '', null, 'YES', null);
INSERT INTO `vl_column` VALUES ('637', '80', 'dh', '', 'char(50)', '', null, 'YES', null);
INSERT INTO `vl_column` VALUES ('638', '80', 'lxfs', '', 'char(128)', '', null, 'YES', null);
INSERT INTO `vl_column` VALUES ('639', '80', 'tzsh', '', 'char(15)', '', null, 'YES', null);
INSERT INTO `vl_column` VALUES ('640', '80', 'tzrq', '', 'timestamp', '', null, 'YES', null);
INSERT INTO `vl_column` VALUES ('641', '80', 'cjfs', '', 'char(1)', '', null, 'NO', null);
INSERT INTO `vl_column` VALUES ('642', '80', 'wfsj', '', 'timestamp', '', null, 'YES', null);
INSERT INTO `vl_column` VALUES ('643', '80', 'xzqh', '', 'char(6)', '', null, 'YES', null);
INSERT INTO `vl_column` VALUES ('644', '80', 'wfdd', '', 'char(5)', '', null, 'YES', null);
INSERT INTO `vl_column` VALUES ('645', '80', 'lddm', '', 'char(4)', '', null, 'YES', null);
INSERT INTO `vl_column` VALUES ('646', '80', 'ddms', '', 'char(3)', '', null, 'YES', null);
INSERT INTO `vl_column` VALUES ('647', '80', 'wfdz', '', 'char(128)', '', null, 'YES', null);
INSERT INTO `vl_column` VALUES ('648', '80', 'wfxw', '', 'char(5)', '', null, 'YES', null);
INSERT INTO `vl_column` VALUES ('649', '80', 'scz', '', 'char(6)', '', null, 'YES', null);
INSERT INTO `vl_column` VALUES ('650', '80', 'bzz', '', 'char(6)', '', null, 'YES', null);
INSERT INTO `vl_column` VALUES ('651', '80', 'zqmj', '', 'char(30)', '', null, 'YES', null);
INSERT INTO `vl_column` VALUES ('652', '80', 'zpstr1', '', 'char(128)', '', null, 'NO', null);
INSERT INTO `vl_column` VALUES ('653', '80', 'zpstr2', '', 'char(128)', '', null, 'YES', null);
INSERT INTO `vl_column` VALUES ('654', '80', 'xsfx', '', 'char(2)', '', null, 'YES', null);
INSERT INTO `vl_column` VALUES ('655', '80', 'stat', '', 'int(1)', '', null, 'YES', null);
INSERT INTO `vl_column` VALUES ('656', '80', 'zfyy', '', 'char(128)', '', null, 'YES', null);
INSERT INTO `vl_column` VALUES ('657', '80', 'print', '', 'char(1)', '', null, 'YES', null);
INSERT INTO `vl_column` VALUES ('658', '80', 'username', '', 'char(20)', '', null, 'NO', null);
INSERT INTO `vl_column` VALUES ('659', '80', 'ltime', '', 'timestamp', '', null, 'NO', 'CURRENT_TIMESTAMP');
INSERT INTO `vl_column` VALUES ('660', '80', 'utime', '', 'timestamp', '', null, 'YES', null);
INSERT INTO `vl_column` VALUES ('661', '80', 'clxh', '', 'char(32)', '', null, 'YES', null);
INSERT INTO `vl_column` VALUES ('662', '80', 'yzbm', '', 'char(6)', '', null, 'YES', null);
INSERT INTO `vl_column` VALUES ('663', '80', 'yxqz', '', 'timestamp', '', null, 'YES', null);
INSERT INTO `vl_column` VALUES ('664', '80', 'qzbfqz', '', 'timestamp', '', null, 'YES', null);
INSERT INTO `vl_column` VALUES ('665', '80', 'crsId', '', 'int(11)', '', null, 'NO', null);
INSERT INTO `vl_column` VALUES ('666', '80', 'userip', '', 'char(46)', '', null, 'YES', null);
INSERT INTO `vl_column` VALUES ('667', '81', 'hpzl', '', 'char(2)', 'PRI', null, 'NO', null);
INSERT INTO `vl_column` VALUES ('668', '81', 'hphm', '', 'varchar(15)', 'PRI', null, 'NO', null);
INSERT INTO `vl_column` VALUES ('669', '81', 'clpp1', '', 'varchar(50)', '', null, 'YES', null);
INSERT INTO `vl_column` VALUES ('670', '81', 'csys', '', 'varchar(5)', '', null, 'YES', null);
INSERT INTO `vl_column` VALUES ('671', '81', 'sjhm', '', 'varchar(20)', '', null, 'YES', null);
INSERT INTO `vl_column` VALUES ('672', '81', 'yxqz', '', 'datetime', '', null, 'YES', null);
INSERT INTO `vl_column` VALUES ('673', '81', 'cllx', '', 'char(3)', '', null, 'YES', null);
INSERT INTO `vl_column` VALUES ('674', '81', 'syxz', '', 'char(1)', '', null, 'YES', null);
INSERT INTO `vl_column` VALUES ('675', '81', 'zt', '', 'varchar(6)', '', null, 'YES', null);
INSERT INTO `vl_column` VALUES ('676', '81', 'xzqh', '', 'varchar(10)', '', null, 'YES', null);
INSERT INTO `vl_column` VALUES ('677', '81', 'ccdjrq', '', 'datetime', '', null, 'YES', null);
INSERT INTO `vl_column` VALUES ('678', '81', 'syr', '', 'varchar(128)', '', null, 'YES', null);
INSERT INTO `vl_column` VALUES ('679', '81', 'zzxxdz', '', 'varchar(128)', '', null, 'YES', null);
INSERT INTO `vl_column` VALUES ('680', '81', 'glbm', '', 'varchar(12)', '', null, 'YES', null);
INSERT INTO `vl_column` VALUES ('681', '82', 'id', '', 'int(10) unsigned', 'PRI', null, 'NO', null);
INSERT INTO `vl_column` VALUES ('682', '82', 'name', '路口名称', 'char(32)', '', null, 'NO', '');
INSERT INTO `vl_column` VALUES ('683', '82', 'direction', '方向', 'char(16)', '', null, 'NO', '');
INSERT INTO `vl_column` VALUES ('684', '82', 'lane', '车道', 'char(16)', '', null, 'NO', '');
INSERT INTO `vl_column` VALUES ('685', '82', 'atime', '违法时间', 'datetime', '', null, 'NO', '2017-03-15 00:00:00');
INSERT INTO `vl_column` VALUES ('686', '82', 'plate', '车牌号码', 'char(12)', '', null, 'NO', '');
INSERT INTO `vl_column` VALUES ('687', '82', 'color', '车牌颜色', 'tinyint(3)', '', null, 'NO', '0');
INSERT INTO `vl_column` VALUES ('688', '82', 'speed', '车速', 'smallint(5)', '', null, 'NO', '0');
INSERT INTO `vl_column` VALUES ('689', '82', 'threshold', '限速', 'smallint(5)', '', null, 'NO', '0');
INSERT INTO `vl_column` VALUES ('690', '82', 'wrong', '违法类型', 'smallint(5)', '', null, 'NO', '0');
INSERT INTO `vl_column` VALUES ('691', '82', 'msec', '违法时间毫秒', 'smallint(5)', '', null, 'NO', '0');
INSERT INTO `vl_column` VALUES ('692', '82', 'length', '车长', 'smallint(5)', '', null, 'NO', null);
INSERT INTO `vl_column` VALUES ('693', '82', 'img_url', '图片url地址', 'varchar(128)', '', null, 'NO', null);
INSERT INTO `vl_column` VALUES ('694', '82', 'cjfs', '', 'tinyint(3)', '', null, 'NO', null);
INSERT INTO `vl_column` VALUES ('695', '82', 'stat', '', 'tinyint(3)', '', null, 'NO', '0');
INSERT INTO `vl_column` VALUES ('696', '82', 'extend', '', 'char(96)', '', null, 'NO', '');
INSERT INTO `vl_column` VALUES ('697', '83', 'id', '', 'int(11)', 'PRI', null, 'NO', null);
INSERT INTO `vl_column` VALUES ('698', '83', 'pid', '', 'int(11)', '', null, 'NO', '0');
INSERT INTO `vl_column` VALUES ('699', '83', 'jjbh', '', 'varchar(255)', '', null, 'NO', '');
INSERT INTO `vl_column` VALUES ('700', '83', 'jid', '', 'int(11)', '', null, 'NO', '0');
INSERT INTO `vl_column` VALUES ('701', '83', 'nme', '', 'varchar(128)', '', null, 'NO', '');
INSERT INTO `vl_column` VALUES ('702', '83', 'cmt', '', 'text', '', null, 'YES', null);
INSERT INTO `vl_column` VALUES ('703', '83', 'ms', '', 'text', '', null, 'YES', null);
INSERT INTO `vl_column` VALUES ('704', '83', 'jqsj', '', 'tinyint(2)', '', null, 'NO', '0');
INSERT INTO `vl_column` VALUES ('705', '83', 'cjr', '', 'varchar(50)', '', null, 'NO', '');
INSERT INTO `vl_column` VALUES ('706', '83', 'cjsj', '', 'varchar(12)', '', null, 'NO', '');
INSERT INTO `vl_column` VALUES ('707', '83', 'bao', '', 'tinyint(2)', '', null, 'NO', '0');
INSERT INTO `vl_column` VALUES ('708', '83', 'yf', '', 'tinyint(2)', '', null, 'NO', '0');
INSERT INTO `vl_column` VALUES ('709', '83', 'cs', '', 'tinyint(2)', '', null, 'NO', '0');
INSERT INTO `vl_column` VALUES ('710', '83', 'sj', '', 'tinyint(2)', '', null, 'NO', '0');
INSERT INTO `vl_column` VALUES ('711', '83', 'car', '', 'tinyint(2)', '', null, 'NO', '0');
INSERT INTO `vl_column` VALUES ('712', '83', 'tx', '', 'tinyint(2)', '', null, 'NO', '0');
INSERT INTO `vl_column` VALUES ('713', '83', 'fx', '', 'tinyint(2)', '', null, 'NO', '0');
INSERT INTO `vl_column` VALUES ('714', '83', 'xwtz', '', 'tinyint(2)', '', null, 'NO', '0');
INSERT INTO `vl_column` VALUES ('715', '83', 'ppath', '', 'varchar(100)', '', null, 'NO', '');
INSERT INTO `vl_column` VALUES ('716', '83', 'display', '', 'tinyint(2)', '', null, 'NO', '1');
INSERT INTO `vl_column` VALUES ('717', '83', 'wplx', '', 'varchar(50)', '', null, 'NO', '');
INSERT INTO `vl_column` VALUES ('718', '84', 'id', '', 'int(11)', 'PRI', null, 'NO', null);
INSERT INTO `vl_column` VALUES ('719', '84', 'did', '', 'int(11)', '', null, 'NO', '0');
INSERT INTO `vl_column` VALUES ('720', '84', 'rid', '', 'int(11)', '', null, 'NO', '0');
INSERT INTO `vl_column` VALUES ('721', '84', 'usr', '', 'varchar(32)', '', null, 'NO', '');
INSERT INTO `vl_column` VALUES ('722', '84', 'pwd', '', 'varchar(32)', '', null, 'NO', '');
INSERT INTO `vl_column` VALUES ('723', '84', 'nme', '', 'varchar(32)', '', null, 'NO', '');
INSERT INTO `vl_column` VALUES ('724', '84', 'sex', '', 'int(11)', '', null, 'NO', '0');
INSERT INTO `vl_column` VALUES ('725', '84', 'tel', '', 'varchar(32)', '', null, 'NO', '');
INSERT INTO `vl_column` VALUES ('726', '84', 'cip', '', 'varchar(16)', '', null, 'NO', '');
INSERT INTO `vl_column` VALUES ('727', '84', 'cbd', '', 'int(11)', '', null, 'NO', '0');
INSERT INTO `vl_column` VALUES ('728', '84', 'region', '区域', 'varchar(16)', '', null, 'YES', null);
INSERT INTO `vl_column` VALUES ('729', '84', 'quarters', '岗位', 'varchar(16)', '', null, 'YES', null);
INSERT INTO `vl_column` VALUES ('730', '84', 'reversed', '保留', 'varchar(200)', '', null, 'YES', null);
INSERT INTO `vl_column` VALUES ('731', '85', 'id', '公告id', 'int(10) unsigned', 'PRI', null, 'NO', null);
INSERT INTO `vl_column` VALUES ('732', '85', 'title', '标题', 'varchar(100)', '', null, 'NO', null);
INSERT INTO `vl_column` VALUES ('733', '85', 'content', '', 'text', '', null, 'NO', null);
INSERT INTO `vl_column` VALUES ('734', '85', 'ctime', '发表时间', 'datetime', '', null, 'NO', null);
INSERT INTO `vl_column` VALUES ('735', '85', 'btime', '开始时间', 'datetime', '', null, 'NO', null);
INSERT INTO `vl_column` VALUES ('736', '85', 'etime', '终止时间', 'datetime', '', null, 'NO', null);
INSERT INTO `vl_column` VALUES ('737', '85', 'status', '是否发布0不发布1发布', 'tinyint(3) unsigned', '', null, 'NO', '0');
INSERT INTO `vl_column` VALUES ('738', '85', 'usr', '作者', 'varchar(255)', '', null, 'NO', null);
INSERT INTO `vl_column` VALUES ('739', '86', 'id', '', 'int(11)', 'PRI', null, 'NO', null);
INSERT INTO `vl_column` VALUES ('740', '86', 'jklxno', '', 'int(11)', '', null, 'NO', '0');
INSERT INTO `vl_column` VALUES ('741', '86', 'dicid', '', 'varchar(6)', '', null, 'NO', '0');
INSERT INTO `vl_column` VALUES ('742', '86', 'code', '', 'varchar(6)', 'MUL', null, 'NO', '');
INSERT INTO `vl_column` VALUES ('743', '86', 'content', '', 'varchar(20)', '', null, 'NO', '');
INSERT INTO `vl_column` VALUES ('744', '86', 'fz', '', 'tinyint(3)', '', null, 'NO', '0');
INSERT INTO `vl_column` VALUES ('745', '87', 'id', '', 'int(11)', 'PRI', null, 'NO', null);
INSERT INTO `vl_column` VALUES ('746', '87', 'pid', '', 'int(11)', '', null, 'NO', '0');
INSERT INTO `vl_column` VALUES ('747', '87', 'nme', '', 'varchar(32)', '', null, 'NO', '');
INSERT INTO `vl_column` VALUES ('748', '87', 'url', '', 'varchar(64)', '', null, 'NO', '');
INSERT INTO `vl_column` VALUES ('749', '87', 'flg', '', 'int(11)', '', null, 'NO', '1');
INSERT INTO `vl_column` VALUES ('750', '87', 'odr', '', 'float', '', null, 'NO', '0');
INSERT INTO `vl_column` VALUES ('751', '87', 'iconCls', '', 'varchar(64)', '', null, 'YES', null);
INSERT INTO `vl_column` VALUES ('752', '87', 'platforms', '', 'tinyint(1)', '', null, 'NO', null);
INSERT INTO `vl_column` VALUES ('753', '87', 'reversed', '', 'varchar(200)', '', null, 'YES', null);
INSERT INTO `vl_column` VALUES ('754', '88', 'id', '', 'int(11)', 'PRI', null, 'NO', null);
INSERT INTO `vl_column` VALUES ('755', '88', 'lb', '', 'int(11)', '', null, 'NO', '0');
INSERT INTO `vl_column` VALUES ('756', '88', 'jfad', '', 'varchar(32)', '', null, 'NO', '');
INSERT INTO `vl_column` VALUES ('757', '88', 'babh', '', 'varchar(128)', '', null, 'NO', '');
INSERT INTO `vl_column` VALUES ('758', '88', 'zafs', '', 'varchar(128)', '', null, 'NO', '');
INSERT INTO `vl_column` VALUES ('759', '88', 'zadj', '', 'varchar(128)', '', null, 'NO', '');
INSERT INTO `vl_column` VALUES ('760', '88', 'tlfs', '', 'varchar(128)', '', null, 'NO', '');
INSERT INTO `vl_column` VALUES ('761', '88', 'fadz', '', 'varchar(128)', '', null, 'NO', '');
INSERT INTO `vl_column` VALUES ('762', '88', 'zagj', '', 'varchar(128)', '', null, 'NO', '');
INSERT INTO `vl_column` VALUES ('763', '88', 'aqjy', '', 'varchar(255)', '', null, 'NO', '');
INSERT INTO `vl_column` VALUES ('764', '88', 'dts', '', 'varchar(32)', '', null, 'NO', '');
INSERT INTO `vl_column` VALUES ('765', '88', 'dte', '', 'varchar(32)', '', null, 'NO', '');
INSERT INTO `vl_column` VALUES ('766', '88', 'tpe', '', 'varchar(8)', '', null, 'NO', '');
INSERT INTO `vl_column` VALUES ('767', '89', 'id', '', 'int(11)', 'PRI', null, 'NO', null);
INSERT INTO `vl_column` VALUES ('768', '89', 'ssyj_1', '', 'int(11)', '', null, 'NO', '0');
INSERT INTO `vl_column` VALUES ('769', '89', 'ssyj_2', '', 'int(11)', '', null, 'NO', '0');
INSERT INTO `vl_column` VALUES ('770', '89', 'ssyj_3', '', 'int(11)', '', null, 'NO', '0');
INSERT INTO `vl_column` VALUES ('771', '89', 'ssyj_4', '', 'int(11)', '', null, 'NO', '0');
INSERT INTO `vl_column` VALUES ('772', '90', 'id', '', 'int(11)', 'PRI', null, 'NO', null);
INSERT INTO `vl_column` VALUES ('773', '90', 'sch_id', '', 'int(11)', '', null, 'NO', null);
INSERT INTO `vl_column` VALUES ('774', '90', 'sch_name', '', 'varchar(128)', '', null, 'NO', null);
INSERT INTO `vl_column` VALUES ('775', '90', 'circle_num', '', 'int(1)', '', null, 'NO', '1');
INSERT INTO `vl_column` VALUES ('776', '90', 'crs_name', '', 'varchar(128)', '', null, 'NO', null);
INSERT INTO `vl_column` VALUES ('777', '90', 'plates', '', 'varchar(500)', '', null, 'NO', null);
INSERT INTO `vl_column` VALUES ('778', '90', 'enabled', '', 'int(1)', '', null, 'NO', '0');
INSERT INTO `vl_column` VALUES ('779', '91', 'id', '', 'int(11)', 'PRI', null, 'NO', null);
INSERT INTO `vl_column` VALUES ('780', '91', 'pid', '', 'int(11)', '', null, 'NO', '0');
INSERT INTO `vl_column` VALUES ('781', '91', 'pp', '', 'varchar(32)', '', null, 'NO', '');
INSERT INTO `vl_column` VALUES ('782', '91', 'ys', '', 'varchar(32)', '', null, 'NO', '');
INSERT INTO `vl_column` VALUES ('783', '91', 'dz', '', 'varchar(128)', '', null, 'NO', '');
INSERT INTO `vl_column` VALUES ('784', '91', 'sy', '', 'varchar(32)', '', null, 'NO', '');
INSERT INTO `vl_column` VALUES ('785', '91', 'hp', '', 'varchar(32)', '', null, 'NO', '');
INSERT INTO `vl_column` VALUES ('786', '91', 'zt', '', 'varchar(32)', '', null, 'NO', '');
INSERT INTO `vl_column` VALUES ('787', '92', 'id', '', 'int(11)', 'PRI', null, 'NO', null);
INSERT INTO `vl_column` VALUES ('788', '92', 'p01', '', 'varchar(128)', '', null, 'NO', '');
INSERT INTO `vl_column` VALUES ('789', '92', 'p02', '', 'varchar(128)', '', null, 'NO', '');
INSERT INTO `vl_column` VALUES ('790', '92', 'p03', '', 'varchar(128)', '', null, 'NO', '');
INSERT INTO `vl_column` VALUES ('791', '92', 'p04', '', 'varchar(128)', '', null, 'NO', '');
INSERT INTO `vl_column` VALUES ('792', '92', 'p05', '', 'varchar(128)', '', null, 'NO', '');
INSERT INTO `vl_column` VALUES ('793', '92', 'p06', '', 'varchar(128)', '', null, 'NO', '');
INSERT INTO `vl_column` VALUES ('794', '92', 'p07', '', 'varchar(128)', '', null, 'NO', '');
INSERT INTO `vl_column` VALUES ('795', '92', 'p08', '', 'varchar(128)', '', null, 'NO', '');
INSERT INTO `vl_column` VALUES ('796', '92', 'p09', '', 'varchar(128)', '', null, 'NO', '');
INSERT INTO `vl_column` VALUES ('797', '92', 'p10', '', 'varchar(128)', '', null, 'NO', '');
INSERT INTO `vl_column` VALUES ('798', '92', 'p11', '', 'varchar(128)', '', null, 'NO', '');
INSERT INTO `vl_column` VALUES ('799', '92', 'p12', '', 'varchar(128)', '', null, 'NO', '');
INSERT INTO `vl_column` VALUES ('800', '92', 'p13', '', 'varchar(128)', '', null, 'NO', '');
INSERT INTO `vl_column` VALUES ('801', '92', 'p14', '', 'varchar(128)', '', null, 'NO', '');
INSERT INTO `vl_column` VALUES ('802', '92', 'p15', '', 'varchar(128)', '', null, 'NO', '');
INSERT INTO `vl_column` VALUES ('803', '92', 'p16', '', 'varchar(128)', '', null, 'NO', '');
INSERT INTO `vl_column` VALUES ('804', '92', 'p17', '', 'varchar(128)', '', null, 'NO', '');
INSERT INTO `vl_column` VALUES ('805', '92', 'p18', '', 'varchar(128)', '', null, 'NO', '');
INSERT INTO `vl_column` VALUES ('806', '93', 'id', '', 'int(11)', 'PRI', null, 'NO', null);
INSERT INTO `vl_column` VALUES ('807', '93', 'lsh', '', 'char(10)', '', null, 'NO', '');
INSERT INTO `vl_column` VALUES ('808', '93', 'djrq', '', 'char(10)', '', null, 'NO', '');
INSERT INTO `vl_column` VALUES ('809', '93', 'gs', '', 'varchar(120)', '', null, 'NO', '');
INSERT INTO `vl_column` VALUES ('810', '93', 'pname', '', 'varchar(50)', '', null, 'NO', '');
INSERT INTO `vl_column` VALUES ('811', '93', 'sex', '', 'varchar(5)', '', null, 'NO', '');
INSERT INTO `vl_column` VALUES ('812', '93', 'sfz', '', 'char(18)', '', null, 'NO', '');
INSERT INTO `vl_column` VALUES ('813', '93', 'sfzzz', '', 'varchar(120)', '', null, 'NO', '');
INSERT INTO `vl_column` VALUES ('814', '93', 'sg', '', 'varchar(10)', '', null, 'NO', '');
INSERT INTO `vl_column` VALUES ('815', '93', 'tz', '', 'varchar(10)', '', null, 'NO', '');
INSERT INTO `vl_column` VALUES ('816', '93', 'xzz', '', 'varchar(120)', '', null, 'NO', '');
INSERT INTO `vl_column` VALUES ('817', '93', 'lxdh', '', 'varchar(20)', '', null, 'NO', '');
INSERT INTO `vl_column` VALUES ('818', '93', 'jzlx', '', 'varchar(5)', '', null, 'NO', '');
INSERT INTO `vl_column` VALUES ('819', '93', 'jzrq', '', 'char(10)', '', null, 'NO', '');
INSERT INTO `vl_column` VALUES ('820', '93', 'ccdjrq', '', 'char(10)', '', null, 'NO', '');
INSERT INTO `vl_column` VALUES ('821', '93', 'syrq', '', 'char(10)', '', null, 'NO', '');
INSERT INTO `vl_column` VALUES ('822', '93', 'dqfz', '', 'char(2)', '', null, 'NO', '');
INSERT INTO `vl_column` VALUES ('823', '93', 'ch', '', 'varchar(10)', '', null, 'NO', '');
INSERT INTO `vl_column` VALUES ('824', '93', 'shr', '', 'varchar(50)', '', null, 'NO', '');
INSERT INTO `vl_column` VALUES ('825', '93', 'pzr', '', 'varchar(50)', '', null, 'NO', '');
INSERT INTO `vl_column` VALUES ('826', '93', 'fwzh', '', 'varchar(20)', '', null, 'NO', '');
INSERT INTO `vl_column` VALUES ('827', '93', 'ksfs', '', 'varchar(10)', '', null, 'NO', '');
INSERT INTO `vl_column` VALUES ('828', '93', 'cyzgz', '', 'varchar(20)', '', null, 'NO', '');
INSERT INTO `vl_column` VALUES ('829', '94', 'auto_id', '', 'int(11) unsigned', 'PRI', null, 'NO', null);
INSERT INTO `vl_column` VALUES ('830', '94', 'ID', '', 'varchar(50)', 'UNI', null, 'NO', null);
INSERT INTO `vl_column` VALUES ('831', '94', 'pid', '', 'int(11)', '', null, 'NO', null);
INSERT INTO `vl_column` VALUES ('832', '94', 'BriefID', '', 'tinyint(3)', '', null, 'YES', '0');
INSERT INTO `vl_column` VALUES ('833', '94', 'Name', '', 'varchar(50)', '', null, 'YES', null);
INSERT INTO `vl_column` VALUES ('834', '94', 'IsDevice', '', 'tinyint(1)', '', null, 'YES', '1');
INSERT INTO `vl_column` VALUES ('835', '94', 'Address', '', 'varchar(100)', '', null, 'YES', null);
INSERT INTO `vl_column` VALUES ('836', '94', 'SDK', '', 'tinyint(1)', '', null, 'YES', '0');
INSERT INTO `vl_column` VALUES ('837', '94', 'IP', '', 'varchar(20)', '', null, 'YES', null);
INSERT INTO `vl_column` VALUES ('838', '94', 'Port', '', 'int(5)', '', null, 'YES', '0');
INSERT INTO `vl_column` VALUES ('839', '94', 'User', '', 'varchar(20)', '', null, 'YES', null);
INSERT INTO `vl_column` VALUES ('840', '94', 'Pwd', '', 'varchar(20)', '', null, 'YES', null);
INSERT INTO `vl_column` VALUES ('841', '94', 'channel', '', 'tinyint(3)', '', null, 'NO', '0');
INSERT INTO `vl_column` VALUES ('842', '94', 'IsSupportDir', '', 'tinyint(1)', '', null, 'YES', '0');
INSERT INTO `vl_column` VALUES ('843', '94', 'IsSupportZoom', '', 'tinyint(1)', '', null, 'YES', '0');
INSERT INTO `vl_column` VALUES ('844', '94', 'IsSupportFocus', '', 'tinyint(1)', '', null, 'YES', '0');
INSERT INTO `vl_column` VALUES ('845', '94', 'IsSupportAperture', '', 'tinyint(1)', '', null, 'YES', '0');
INSERT INTO `vl_column` VALUES ('846', '94', 'IsSupportSpeed', '', 'tinyint(1)', '', null, 'YES', '0');
INSERT INTO `vl_column` VALUES ('847', '94', 'Memo', '', 'varchar(100)', '', null, 'YES', null);
INSERT INTO `vl_column` VALUES ('848', '94', 'ChannelEx', '', 'varchar(48)', '', null, 'YES', '');
INSERT INTO `vl_column` VALUES ('849', '94', 'lat', '', 'double', '', null, 'NO', '32');
INSERT INTO `vl_column` VALUES ('850', '94', 'lon', '', 'double', '', null, 'NO', '118');
INSERT INTO `vl_column` VALUES ('851', '94', 'type', '', 'tinyint(1)', '', null, 'YES', '0');
INSERT INTO `vl_column` VALUES ('852', '94', 'IsVideoRelay', '', 'tinyint(1)', '', null, 'YES', '1');
INSERT INTO `vl_column` VALUES ('853', '94', 'IsRecorder', '', 'tinyint(1)', '', null, 'YES', '0');
INSERT INTO `vl_column` VALUES ('854', '95', 'id', '', 'int(11) unsigned', 'PRI', null, 'NO', null);
INSERT INTO `vl_column` VALUES ('855', '95', 'name', '名称', 'varchar(255)', '', null, 'NO', null);
INSERT INTO `vl_column` VALUES ('856', '95', 'ids', '设备信息', 'text', '', null, 'YES', null);
INSERT INTO `vl_column` VALUES ('857', '95', 'type', '类型，1分组2分级3包围圈', 'int(1)', '', null, 'YES', null);
INSERT INTO `vl_column` VALUES ('858', '95', 'reserved', '保留字段', 'text', '', null, 'YES', null);
INSERT INTO `vl_column` VALUES ('859', '95', 'num', '', 'varchar(255)', '', null, 'YES', null);
INSERT INTO `vl_column` VALUES ('860', '95', 'status', '', 'tinyint(1) unsigned', '', null, 'YES', '1');
INSERT INTO `vl_column` VALUES ('861', '96', 'id', '', 'int(11)', 'PRI', null, 'NO', null);
INSERT INTO `vl_column` VALUES ('862', '96', 'pid', '', 'int(11)', 'MUL', null, 'NO', '0');
INSERT INTO `vl_column` VALUES ('863', '96', 'nme', '', 'varchar(128)', '', null, 'NO', '');
INSERT INTO `vl_column` VALUES ('864', '96', 'num', '', 'varchar(40)', '', null, 'NO', '');
INSERT INTO `vl_column` VALUES ('865', '96', 'flg', '', 'int(11)', 'MUL', null, 'NO', '1');
INSERT INTO `vl_column` VALUES ('866', '96', 'p1', '', 'int(11)', '', null, 'NO', '0');
INSERT INTO `vl_column` VALUES ('867', '96', 'p2', '', 'int(11)', '', null, 'NO', '0');
INSERT INTO `vl_column` VALUES ('868', '96', 'p3', '', 'int(11)', '', null, 'NO', '0');
INSERT INTO `vl_column` VALUES ('869', '96', 'p4', '', 'varchar(255)', 'MUL', null, 'NO', '');
INSERT INTO `vl_column` VALUES ('870', '96', 'lk', '', 'varchar(32)', '', null, 'NO', '');
INSERT INTO `vl_column` VALUES ('871', '96', 'qj', '', 'text', '', null, 'YES', null);
INSERT INTO `vl_column` VALUES ('872', '96', 'wbdw', '', 'varchar(20)', '', null, 'NO', '');
INSERT INTO `vl_column` VALUES ('873', '96', 'p5', '', 'varchar(255)', '', null, 'NO', '');
INSERT INTO `vl_column` VALUES ('874', '97', 'id', '', 'int(11)', 'PRI', null, 'NO', null);
INSERT INTO `vl_column` VALUES ('875', '97', 'nme', '', 'varchar(32)', '', null, 'NO', '');
INSERT INTO `vl_column` VALUES ('876', '97', 'cmt', '', 'varchar(128)', '', null, 'NO', '');
INSERT INTO `vl_column` VALUES ('877', '97', 'lxr', '联系人', 'char(32)', '', null, 'YES', null);
INSERT INTO `vl_column` VALUES ('878', '97', 'zqmj', '联系人警号', 'char(30)', '', null, 'YES', null);
INSERT INTO `vl_column` VALUES ('879', '97', 'tel', '', 'varchar(32)', '', null, 'NO', '');
INSERT INTO `vl_column` VALUES ('880', '97', 'adr', '', 'varchar(128)', '', null, 'NO', '');
INSERT INTO `vl_column` VALUES ('881', '97', 'cod', '', 'varchar(32)', '', null, 'NO', '');
INSERT INTO `vl_column` VALUES ('882', '97', 'zip', '', 'varchar(16)', '', null, 'NO', '');
INSERT INTO `vl_column` VALUES ('883', '97', 'sort_no', '', 'tinyint(1)', '', null, 'NO', null);
INSERT INTO `vl_column` VALUES ('884', '97', 'reversed', '', 'varchar(200)', '', null, 'YES', null);
INSERT INTO `vl_column` VALUES ('885', '98', 'id', '', 'int(11)', 'PRI', null, 'NO', null);
INSERT INTO `vl_column` VALUES ('886', '98', 'sid', '', 'varchar(100)', 'MUL', null, 'YES', null);
INSERT INTO `vl_column` VALUES ('887', '98', 'IsNetBreak', '', 'int(11)', '', null, 'YES', null);
INSERT INTO `vl_column` VALUES ('888', '98', 'IsBlur', '', 'int(11)', '', null, 'YES', null);
INSERT INTO `vl_column` VALUES ('889', '98', 'IsHighLow', '', 'int(11)', '', null, 'YES', null);
INSERT INTO `vl_column` VALUES ('890', '98', 'IsNoise', '', 'int(11)', '', null, 'YES', null);
INSERT INTO `vl_column` VALUES ('891', '98', 'IsNoChange', '', 'int(11)', '', null, 'YES', null);
INSERT INTO `vl_column` VALUES ('892', '98', 'IsNoSignal', '', 'int(11)', '', null, 'YES', null);
INSERT INTO `vl_column` VALUES ('893', '98', 'IsRipple', '', 'int(11)', '', null, 'YES', null);
INSERT INTO `vl_column` VALUES ('894', '98', 'IsColorError', '', 'int(11)', '', null, 'YES', null);
INSERT INTO `vl_column` VALUES ('895', '98', 'IsModify', '', 'int(11)', '', null, 'YES', null);
INSERT INTO `vl_column` VALUES ('896', '98', 'destroytime', '', 'varchar(100)', '', null, 'YES', null);
INSERT INTO `vl_column` VALUES ('897', '98', 'repairtime', '', 'varchar(100)', '', null, 'YES', null);
INSERT INTO `vl_column` VALUES ('898', '98', 'picpath', '', 'varchar(100)', '', null, 'YES', null);
INSERT INTO `vl_column` VALUES ('899', '98', 'pic', '', 'varchar(100)', '', null, 'YES', null);
INSERT INTO `vl_column` VALUES ('900', '98', 'status', '', 'tinyint(2)', '', null, 'NO', '0');
INSERT INTO `vl_column` VALUES ('901', '99', 'id', '', 'mediumint(8) unsigned', 'PRI', null, 'NO', null);
INSERT INTO `vl_column` VALUES ('902', '99', 'nme', '名称', 'varchar(40)', '', null, 'YES', null);
INSERT INTO `vl_column` VALUES ('903', '99', 'num', '编号', 'varchar(40)', '', null, 'YES', null);
INSERT INTO `vl_column` VALUES ('904', '99', 'dw', '单位', 'varchar(40)', '', null, 'YES', null);
INSERT INTO `vl_column` VALUES ('905', '99', 'types', '', 'char(1)', '', null, 'NO', null);
INSERT INTO `vl_column` VALUES ('906', '100', 'id', '', 'int(11)', 'PRI', null, 'NO', null);
INSERT INTO `vl_column` VALUES ('907', '100', 'pid', '', 'int(11)', '', null, 'NO', '0');
INSERT INTO `vl_column` VALUES ('908', '100', 'nme', '', 'varchar(128)', '', null, 'NO', '');
INSERT INTO `vl_column` VALUES ('909', '100', 'num', '', 'varchar(32)', '', null, 'NO', '');
INSERT INTO `vl_column` VALUES ('910', '101', 'id', '', 'int(11)', 'PRI', null, 'NO', null);
INSERT INTO `vl_column` VALUES ('911', '101', 'nme', '', 'varchar(128)', '', null, 'NO', '');
INSERT INTO `vl_column` VALUES ('912', '101', 'num', '', 'varchar(32)', '', null, 'NO', '');
INSERT INTO `vl_column` VALUES ('913', '102', 'id', '', 'int(11)', 'PRI', null, 'NO', null);
INSERT INTO `vl_column` VALUES ('914', '102', 'aid', '', 'int(11)', '', null, 'NO', '0');
INSERT INTO `vl_column` VALUES ('915', '102', 'cmt', '', 'varchar(128)', '', null, 'NO', '');
INSERT INTO `vl_column` VALUES ('916', '102', 'dte', '', 'varchar(32)', '', null, 'NO', '');
INSERT INTO `vl_column` VALUES ('917', '102', 'module', '', 'varchar(32)', '', null, 'YES', null);
INSERT INTO `vl_column` VALUES ('918', '103', 'id', '', 'int(11)', 'PRI', null, 'NO', null);
INSERT INTO `vl_column` VALUES ('919', '103', 'p01', '', 'varchar(32)', '', null, 'NO', '');
INSERT INTO `vl_column` VALUES ('920', '103', 'p02', '', 'varchar(8)', '', null, 'NO', '');
INSERT INTO `vl_column` VALUES ('921', '103', 'p03', '', 'varchar(128)', '', null, 'NO', '');
INSERT INTO `vl_column` VALUES ('922', '103', 'p04', '', 'varchar(128)', '', null, 'NO', '');
INSERT INTO `vl_column` VALUES ('923', '103', 'p05', '', 'varchar(128)', '', null, 'NO', '');
INSERT INTO `vl_column` VALUES ('924', '104', 'id', '', 'int(11)', 'PRI', null, 'NO', null);
INSERT INTO `vl_column` VALUES ('925', '104', 'p01', '', 'varchar(128)', '', null, 'NO', '');
INSERT INTO `vl_column` VALUES ('926', '104', 'p02', '', 'varchar(128)', '', null, 'NO', '');
INSERT INTO `vl_column` VALUES ('927', '104', 'p03', '', 'varchar(128)', '', null, 'NO', '');
INSERT INTO `vl_column` VALUES ('928', '104', 'p04', '', 'varchar(128)', '', null, 'NO', '');
INSERT INTO `vl_column` VALUES ('929', '104', 'p05', '', 'varchar(128)', '', null, 'NO', '');
INSERT INTO `vl_column` VALUES ('930', '104', 'p06', '', 'varchar(128)', '', null, 'NO', '');
INSERT INTO `vl_column` VALUES ('931', '104', 'p07', '', 'varchar(128)', '', null, 'NO', '');
INSERT INTO `vl_column` VALUES ('932', '104', 'p08', '', 'varchar(128)', '', null, 'NO', '');
INSERT INTO `vl_column` VALUES ('933', '104', 'p09', '', 'varchar(128)', '', null, 'NO', '');
INSERT INTO `vl_column` VALUES ('934', '104', 'p10', '', 'varchar(128)', '', null, 'NO', '');
INSERT INTO `vl_column` VALUES ('935', '105', 'id', '', 'int(10)', 'PRI', null, 'NO', null);
INSERT INTO `vl_column` VALUES ('936', '105', 'camera_id', '', 'varchar(50)', '', null, 'NO', null);
INSERT INTO `vl_column` VALUES ('937', '105', 'begin_time', '', 'datetime', '', null, 'NO', null);
INSERT INTO `vl_column` VALUES ('938', '105', 'end_time', '', 'datetime', '', null, 'NO', null);
INSERT INTO `vl_column` VALUES ('939', '105', 'owner', '', 'int(11)', '', null, 'NO', null);
INSERT INTO `vl_column` VALUES ('940', '105', 'level', '', 'tinyint(1)', '', null, 'NO', null);
INSERT INTO `vl_column` VALUES ('941', '105', 'reversed', '', 'varchar(200)', '', null, 'YES', null);
INSERT INTO `vl_column` VALUES ('942', '106', 'id', '', 'int(11)', 'PRI', null, 'NO', null);
INSERT INTO `vl_column` VALUES ('943', '106', 'dwmc', '', 'varchar(255)', '', null, 'NO', '');
INSERT INTO `vl_column` VALUES ('944', '106', 'rwmc', '', 'varchar(255)', '', null, 'NO', '');
INSERT INTO `vl_column` VALUES ('945', '106', 'zqmj', '', 'text', '', null, 'YES', null);
INSERT INTO `vl_column` VALUES ('946', '106', 'zqss', '', 'varchar(20)', '', null, 'NO', '');
INSERT INTO `vl_column` VALUES ('947', '106', 'zqse', '', 'varchar(20)', '', null, 'NO', '');
INSERT INTO `vl_column` VALUES ('948', '106', 'xq', '', 'int(11)', '', null, 'NO', '0');
INSERT INTO `vl_column` VALUES ('949', '106', 'xd', '', 'int(11)', '', null, 'NO', '0');
INSERT INTO `vl_column` VALUES ('950', '106', 'jwt', '', 'text', '', null, 'YES', null);
INSERT INTO `vl_column` VALUES ('951', '106', 'cl', '', 'text', '', null, 'YES', null);
INSERT INTO `vl_column` VALUES ('952', '107', 'id', '', 'int(11)', 'PRI', null, 'NO', null);
INSERT INTO `vl_column` VALUES ('953', '107', 'plate', '', 'varchar(12)', '', null, 'NO', null);
INSERT INTO `vl_column` VALUES ('954', '107', 'name', '', 'varchar(32)', '', null, 'NO', '');
INSERT INTO `vl_column` VALUES ('955', '107', 'phone', '', 'varchar(60)', '', null, 'NO', null);
INSERT INTO `vl_column` VALUES ('956', '108', 'id', '编号', 'mediumint(11) unsigned', 'PRI', null, 'NO', null);
INSERT INTO `vl_column` VALUES ('957', '108', 'title', '标题', 'varchar(40)', '', null, 'NO', null);
INSERT INTO `vl_column` VALUES ('958', '108', 'keys', '关键字', 'varchar(40)', '', null, 'YES', null);
INSERT INTO `vl_column` VALUES ('959', '108', 'note', '备注', 'varchar(200)', '', null, 'YES', null);
INSERT INTO `vl_column` VALUES ('960', '108', 'uploader', '上传人', 'varchar(40)', '', null, 'YES', null);
INSERT INTO `vl_column` VALUES ('961', '109', 'id', '', 'int(11)', 'PRI', null, 'NO', null);
INSERT INTO `vl_column` VALUES ('962', '109', 'rid', '', 'int(11)', '', null, 'NO', '0');
INSERT INTO `vl_column` VALUES ('963', '109', 'pid', '', 'int(11)', '', null, 'NO', '0');
INSERT INTO `vl_column` VALUES ('964', '110', 'id', '', 'int(11)', 'PRI', null, 'NO', null);
INSERT INTO `vl_column` VALUES ('965', '110', 'nme', '', 'varchar(32)', '', null, 'NO', '');
INSERT INTO `vl_column` VALUES ('966', '110', 'cmt', '', 'varchar(128)', '', null, 'NO', '');
INSERT INTO `vl_column` VALUES ('967', '110', 'brc', '', 'text', '', null, 'YES', null);
INSERT INTO `vl_column` VALUES ('968', '110', 'devices', '', 'text', '', null, 'YES', null);
INSERT INTO `vl_column` VALUES ('969', '110', 'operations', '', 'tinyint(1) unsigned', '', null, 'NO', '255');
INSERT INTO `vl_column` VALUES ('970', '110', 'level', '', 'tinyint(1)', '', null, 'NO', null);
INSERT INTO `vl_column` VALUES ('971', '110', 'reversed', '', 'varchar(200)', '', null, 'YES', null);
INSERT INTO `vl_column` VALUES ('972', '111', 'id', '', 'int(11)', 'PRI', null, 'NO', null);
INSERT INTO `vl_column` VALUES ('973', '111', 'p01', '', 'varchar(128)', '', null, 'NO', '');
INSERT INTO `vl_column` VALUES ('974', '111', 'p02', '', 'varchar(128)', '', null, 'NO', '');
INSERT INTO `vl_column` VALUES ('975', '111', 'p03', '', 'varchar(128)', '', null, 'NO', '');
INSERT INTO `vl_column` VALUES ('976', '111', 'p04', '', 'varchar(128)', '', null, 'NO', '');
INSERT INTO `vl_column` VALUES ('977', '111', 'p05', '', 'varchar(128)', '', null, 'NO', '');
INSERT INTO `vl_column` VALUES ('978', '111', 'p06', '', 'varchar(128)', '', null, 'NO', '');
INSERT INTO `vl_column` VALUES ('979', '111', 'p07', '', 'varchar(128)', '', null, 'NO', '');
INSERT INTO `vl_column` VALUES ('980', '111', 'p08', '', 'varchar(128)', '', null, 'NO', '');
INSERT INTO `vl_column` VALUES ('981', '111', 'p09', '', 'varchar(128)', '', null, 'NO', '');
INSERT INTO `vl_column` VALUES ('982', '111', 'p10', '', 'varchar(128)', '', null, 'NO', '');
INSERT INTO `vl_column` VALUES ('983', '111', 'p11', '', 'varchar(128)', '', null, 'NO', '');
INSERT INTO `vl_column` VALUES ('984', '111', 'p12', '', 'varchar(128)', '', null, 'NO', '');
INSERT INTO `vl_column` VALUES ('985', '111', 'p13', '', 'varchar(128)', '', null, 'NO', '');
INSERT INTO `vl_column` VALUES ('986', '111', 'p14', '', 'varchar(128)', '', null, 'NO', '');
INSERT INTO `vl_column` VALUES ('987', '111', 'p15', '', 'varchar(128)', '', null, 'NO', '');
INSERT INTO `vl_column` VALUES ('988', '111', 'p16', '', 'varchar(128)', '', null, 'NO', '');
INSERT INTO `vl_column` VALUES ('989', '112', 'id', '', 'int(11)', 'PRI', null, 'NO', null);
INSERT INTO `vl_column` VALUES ('990', '112', 'p01', '', 'varchar(128)', '', null, 'NO', '');
INSERT INTO `vl_column` VALUES ('991', '112', 'p02', '', 'varchar(128)', '', null, 'NO', '');
INSERT INTO `vl_column` VALUES ('992', '112', 'p03', '', 'varchar(128)', '', null, 'NO', '');
INSERT INTO `vl_column` VALUES ('993', '112', 'p04', '', 'varchar(128)', '', null, 'NO', '');
INSERT INTO `vl_column` VALUES ('994', '112', 'p05', '', 'varchar(128)', '', null, 'NO', '');
INSERT INTO `vl_column` VALUES ('995', '112', 'p06', '', 'varchar(128)', '', null, 'NO', '');
INSERT INTO `vl_column` VALUES ('996', '112', 'p07', '', 'varchar(128)', '', null, 'NO', '');
INSERT INTO `vl_column` VALUES ('997', '112', 'p08', '', 'varchar(128)', '', null, 'NO', '');
INSERT INTO `vl_column` VALUES ('998', '112', 'p09', '', 'varchar(128)', '', null, 'NO', '');
INSERT INTO `vl_column` VALUES ('999', '112', 'p10', '', 'varchar(128)', '', null, 'NO', '');
INSERT INTO `vl_column` VALUES ('1000', '112', 'p11', '', 'varchar(128)', '', null, 'NO', '');
INSERT INTO `vl_column` VALUES ('1001', '112', 'p12', '', 'varchar(128)', '', null, 'NO', '');
INSERT INTO `vl_column` VALUES ('1002', '112', 'p13', '', 'varchar(128)', '', null, 'NO', '');
INSERT INTO `vl_column` VALUES ('1003', '112', 'p14', '', 'varchar(128)', '', null, 'NO', '');
INSERT INTO `vl_column` VALUES ('1004', '112', 'p15', '', 'varchar(128)', '', null, 'NO', '');
INSERT INTO `vl_column` VALUES ('1005', '112', 'p16', '', 'varchar(128)', '', null, 'NO', '');
INSERT INTO `vl_column` VALUES ('1006', '112', 'p17', '', 'varchar(128)', '', null, 'NO', '');
INSERT INTO `vl_column` VALUES ('1007', '112', 'p18', '', 'varchar(128)', '', null, 'NO', '');
INSERT INTO `vl_column` VALUES ('1008', '113', 'id', '', 'int(11)', 'PRI', null, 'NO', null);
INSERT INTO `vl_column` VALUES ('1009', '113', 'pid', '', 'int(11)', '', null, 'NO', '0');
INSERT INTO `vl_column` VALUES ('1010', '113', 'kid', '', 'int(11)', '', null, 'NO', '0');
INSERT INTO `vl_column` VALUES ('1011', '113', 'display', '', 'int(11)', '', null, 'NO', '1');
INSERT INTO `vl_column` VALUES ('1012', '113', 'jjbh', '', 'varchar(255)', '', null, 'NO', '');
INSERT INTO `vl_column` VALUES ('1013', '113', 'picid', '', 'int(11)', '', null, 'NO', '0');
INSERT INTO `vl_column` VALUES ('1014', '114', 'id', '', 'int(11)', 'PRI', null, 'NO', null);
INSERT INTO `vl_column` VALUES ('1015', '114', 'ServerName', '', 'varchar(128)', '', null, 'YES', null);
INSERT INTO `vl_column` VALUES ('1016', '114', 'ServerIP', '', 'varchar(46)', 'PRI', null, 'NO', null);
INSERT INTO `vl_column` VALUES ('1017', '114', 'Type', '', 'int(1)', '', null, 'YES', null);
INSERT INTO `vl_column` VALUES ('1018', '114', 'IsDB', '', 'int(1)', '', null, 'NO', null);
INSERT INTO `vl_column` VALUES ('1019', '115', 'id', '', 'int(11)', 'PRI', null, 'NO', null);
INSERT INTO `vl_column` VALUES ('1020', '115', 'ajbh', '', 'varchar(20)', '', null, 'NO', '');
INSERT INTO `vl_column` VALUES ('1021', '115', 'afsj', '', 'varchar(20)', '', null, 'NO', '');
INSERT INTO `vl_column` VALUES ('1022', '115', 'ajlx', '', 'varchar(20)', '', null, 'NO', '');
INSERT INTO `vl_column` VALUES ('1023', '115', 'afcs', '', 'varchar(100)', '', null, 'NO', '');
INSERT INTO `vl_column` VALUES ('1024', '115', 'ssxq', '', 'varchar(50)', '', null, 'NO', '');
INSERT INTO `vl_column` VALUES ('1025', '115', 'zasj', '', 'varchar(100)', '', null, 'NO', '');
INSERT INTO `vl_column` VALUES ('1026', '115', 'zagj', '', 'varchar(50)', '', null, 'NO', '');
INSERT INTO `vl_column` VALUES ('1027', '115', 'zasd', '', 'varchar(200)', '', null, 'NO', '');
INSERT INTO `vl_column` VALUES ('1028', '115', 'swqk', '', 'varchar(200)', '', null, 'NO', '');
INSERT INTO `vl_column` VALUES ('1029', '115', 'ccss', '', 'varchar(100)', '', null, 'NO', '');
INSERT INTO `vl_column` VALUES ('1030', '115', 'qhw', '', 'varchar(100)', '', null, 'NO', '');
INSERT INTO `vl_column` VALUES ('1031', '115', 'jyaq', '', 'text', '', null, 'YES', null);
INSERT INTO `vl_column` VALUES ('1032', '116', 'id', '', 'int(11)', 'PRI', null, 'NO', null);
INSERT INTO `vl_column` VALUES ('1033', '116', 'nme', '', 'varchar(128)', '', null, 'NO', '');
INSERT INTO `vl_column` VALUES ('1034', '116', 'cmt', '', 'varchar(255)', '', null, 'NO', '');
INSERT INTO `vl_column` VALUES ('1035', '116', 'dte', '', 'varchar(32)', '', null, 'NO', '');
INSERT INTO `vl_column` VALUES ('1036', '117', 'id', '', 'int(10) unsigned', 'PRI', null, 'NO', null);
INSERT INTO `vl_column` VALUES ('1037', '117', 'name', '', 'varchar(32)', '', null, 'NO', null);
INSERT INTO `vl_column` VALUES ('1038', '117', 'url', '链接地址', 'varchar(64)', '', null, 'NO', null);
INSERT INTO `vl_column` VALUES ('1039', '117', 'sort', '越大越靠前', 'tinyint(3) unsigned', '', null, 'YES', '0');
INSERT INTO `vl_column` VALUES ('1040', '117', 'status', '启用状态', 'tinyint(3) unsigned', '', null, 'YES', '0');
INSERT INTO `vl_column` VALUES ('1041', '117', 'reversed', '', 'varchar(200)', '', null, 'YES', null);
INSERT INTO `vl_column` VALUES ('1042', '118', 'id', '', 'int(11) unsigned', 'PRI', null, 'NO', null);
INSERT INTO `vl_column` VALUES ('1043', '118', 'datetime', '校时时间', 'datetime', '', null, 'NO', null);
INSERT INTO `vl_column` VALUES ('1044', '118', 'name', '路口或设备名称', 'varchar(64)', '', null, 'YES', '');
INSERT INTO `vl_column` VALUES ('1045', '118', 'ip', '', 'char(20)', '', null, 'NO', null);
INSERT INTO `vl_column` VALUES ('1046', '118', 'status', '1失败 2成功', 'enum(\'ʧ', '', null, 'NO', 'ʧ');
INSERT INTO `vl_column` VALUES ('1047', '118', 'username', '校时人姓名', 'varchar(20)', '', null, 'NO', null);
INSERT INTO `vl_column` VALUES ('1048', '119', 'id', '', 'int(11)', 'PRI', null, 'NO', null);
INSERT INTO `vl_column` VALUES ('1049', '119', 'sblb', '', 'varchar(8)', '', null, 'NO', '');
INSERT INTO `vl_column` VALUES ('1050', '119', 'wbdw', '', 'varchar(8)', '', null, 'NO', '');
INSERT INTO `vl_column` VALUES ('1051', '119', 'wxry', '', 'varchar(16)', '', null, 'NO', '');
INSERT INTO `vl_column` VALUES ('1052', '119', 'mqzt', '', 'varchar(8)', '', null, 'NO', '');
INSERT INTO `vl_column` VALUES ('1053', '119', 'dts', '', 'varchar(32)', '', null, 'NO', '');
INSERT INTO `vl_column` VALUES ('1054', '119', 'dte', '', 'varchar(32)', '', null, 'NO', '');
INSERT INTO `vl_column` VALUES ('1055', '119', 'gzyy', '', 'varchar(8)', '', null, 'NO', '');
INSERT INTO `vl_column` VALUES ('1056', '120', 'id', '', 'int(11)', 'PRI', null, 'NO', null);
INSERT INTO `vl_column` VALUES ('1057', '120', 'p01', '', 'varchar(32)', '', null, 'NO', '');
INSERT INTO `vl_column` VALUES ('1058', '120', 'p02', '', 'varchar(8)', '', null, 'NO', '');
INSERT INTO `vl_column` VALUES ('1059', '120', 'p03', '', 'varchar(128)', '', null, 'NO', '');
INSERT INTO `vl_column` VALUES ('1060', '120', 'p04', '', 'varchar(128)', '', null, 'NO', '');
INSERT INTO `vl_column` VALUES ('1061', '120', 'p05', '', 'varchar(128)', '', null, 'NO', '');
INSERT INTO `vl_column` VALUES ('1062', '120', 'p06', '', 'varchar(128)', '', null, 'NO', '');
INSERT INTO `vl_column` VALUES ('1063', '120', 'p07', '', 'varchar(128)', '', null, 'NO', '');
INSERT INTO `vl_column` VALUES ('1064', '120', 'p08', '', 'varchar(128)', '', null, 'NO', '');
INSERT INTO `vl_column` VALUES ('1065', '120', 'p09', '', 'varchar(128)', '', null, 'NO', '');
INSERT INTO `vl_column` VALUES ('1066', '120', 'p10', '', 'varchar(128)', '', null, 'NO', '');
INSERT INTO `vl_column` VALUES ('1067', '121', 'id', '', 'int(11)', 'PRI', null, 'NO', null);
INSERT INTO `vl_column` VALUES ('1068', '121', 'nme', '', 'varchar(128)', '', null, 'NO', '');
INSERT INTO `vl_column` VALUES ('1069', '121', 'cmt', '', 'varchar(255)', '', null, 'NO', '');
INSERT INTO `vl_column` VALUES ('1070', '122', 'id', '', 'int(11)', 'PRI', null, 'NO', null);
INSERT INTO `vl_column` VALUES ('1071', '122', 'nme', '', 'varchar(255)', '', null, 'NO', '');
INSERT INTO `vl_column` VALUES ('1072', '122', 'adr', '', 'varchar(255)', '', null, 'NO', '');
INSERT INTO `vl_column` VALUES ('1073', '122', 'lot', '', 'double', '', null, 'NO', '0');
INSERT INTO `vl_column` VALUES ('1074', '122', 'lat', '', 'double', '', null, 'NO', '0');
INSERT INTO `vl_column` VALUES ('1075', '123', 'id', '', 'int(11)', 'PRI', null, 'NO', null);
INSERT INTO `vl_column` VALUES ('1076', '123', 'nme', '', 'varchar(255)', '', null, 'NO', '');
INSERT INTO `vl_column` VALUES ('1077', '123', 'adr', '', 'varchar(255)', '', null, 'NO', '');
INSERT INTO `vl_column` VALUES ('1078', '123', 'lot', '', 'double', '', null, 'NO', '0');
INSERT INTO `vl_column` VALUES ('1079', '123', 'lat', '', 'double', '', null, 'NO', '0');
INSERT INTO `vl_column` VALUES ('1080', '124', 'id', '', 'int(11)', 'PRI', null, 'NO', null);
INSERT INTO `vl_column` VALUES ('1081', '124', 'dwdm', '', 'varchar(12)', 'MUL', null, 'NO', '');
INSERT INTO `vl_column` VALUES ('1082', '124', 'dwmc', '', 'varchar(10)', '', null, 'NO', '');
INSERT INTO `vl_column` VALUES ('1083', '124', 'lo', '', 'double', '', null, 'NO', '0');
INSERT INTO `vl_column` VALUES ('1084', '124', 'la', '', 'double', '', null, 'NO', '0');
INSERT INTO `vl_column` VALUES ('1085', '125', 'id', '', 'int(11)', 'PRI', null, 'NO', null);
INSERT INTO `vl_column` VALUES ('1086', '125', 'p01', '', 'varchar(32)', '', null, 'NO', '');
INSERT INTO `vl_column` VALUES ('1087', '125', 'p02', '', 'varchar(128)', '', null, 'NO', '');
INSERT INTO `vl_column` VALUES ('1088', '125', 'p03', '', 'varchar(128)', '', null, 'NO', '');
INSERT INTO `vl_column` VALUES ('1089', '125', 'p04', '', 'varchar(128)', '', null, 'NO', '');
INSERT INTO `vl_column` VALUES ('1090', '125', 'p05', '', 'varchar(128)', '', null, 'NO', '');
INSERT INTO `vl_column` VALUES ('1091', '125', 'p06', '', 'varchar(128)', '', null, 'NO', '');
INSERT INTO `vl_column` VALUES ('1092', '125', 'p07', '', 'varchar(128)', '', null, 'NO', '');
INSERT INTO `vl_column` VALUES ('1093', '125', 'p08', '', 'text', '', null, 'YES', null);
INSERT INTO `vl_column` VALUES ('1094', '126', 'deptId', '', 'int(11)', 'PRI', null, 'NO', null);
INSERT INTO `vl_column` VALUES ('1095', '126', 'glbm', '', 'char(12)', '', null, 'NO', null);
INSERT INTO `vl_column` VALUES ('1096', '126', 'xzqh', '', 'char(6)', '', null, 'NO', null);
INSERT INTO `vl_column` VALUES ('1097', '126', 'bmmc', '', 'char(64)', '', null, 'NO', null);
INSERT INTO `vl_column` VALUES ('1098', '126', 'bmqc', '', 'char(128)', '', null, 'NO', null);
INSERT INTO `vl_column` VALUES ('1099', '126', 'lxdh', '', 'char(20)', '', null, 'YES', null);
INSERT INTO `vl_column` VALUES ('1100', '126', 'lxdz', '', 'char(128)', '', null, 'YES', null);
INSERT INTO `vl_column` VALUES ('1101', '126', 'level', '', 'char(1)', '', null, 'NO', null);
INSERT INTO `vl_column` VALUES ('1102', '127', 'dicId', '', 'int(10)', 'PRI', null, 'NO', null);
INSERT INTO `vl_column` VALUES ('1103', '127', 'dicCode', '', 'char(50)', '', null, 'YES', null);
INSERT INTO `vl_column` VALUES ('1104', '127', 'dicName', '', 'char(20)', '', null, 'YES', null);
INSERT INTO `vl_column` VALUES ('1105', '127', 'dicType', '', 'char(4)', '', null, 'YES', null);
INSERT INTO `vl_column` VALUES ('1106', '127', 'dicShow', '', 'int(1)', '', null, 'YES', '1');
INSERT INTO `vl_column` VALUES ('1107', '128', 'id', '', 'int(10)', 'PRI', null, 'NO', null);
INSERT INTO `vl_column` VALUES ('1108', '128', 'qjbh', '', 'char(12)', '', null, 'NO', null);
INSERT INTO `vl_column` VALUES ('1109', '128', 'qjmc', '', 'char(128)', '', null, 'NO', null);
INSERT INTO `vl_column` VALUES ('1110', '128', 'dllx', '', 'char(1)', '', null, 'YES', null);
INSERT INTO `vl_column` VALUES ('1111', '128', 'dlmc', '', 'char(128)', '', null, 'YES', null);
INSERT INTO `vl_column` VALUES ('1112', '128', 'rkbh', '', 'char(12)', '', null, 'NO', null);
INSERT INTO `vl_column` VALUES ('1113', '128', 'rkmc', '', 'char(128)', '', null, 'YES', null);
INSERT INTO `vl_column` VALUES ('1114', '128', 'ckbh', '', 'char(12)', '', null, 'NO', null);
INSERT INTO `vl_column` VALUES ('1115', '128', 'ckmc', '', 'char(128)', '', null, 'YES', null);
INSERT INTO `vl_column` VALUES ('1116', '128', 'qjjl', '', 'char(4)', '', null, 'NO', null);
INSERT INTO `vl_column` VALUES ('1117', '128', 'dcxs', '', 'char(4)', '', null, 'NO', null);
INSERT INTO `vl_column` VALUES ('1118', '128', 'xcxs', '', 'char(4)', '', null, 'NO', null);
INSERT INTO `vl_column` VALUES ('1119', '128', 'spip', '', 'char(20)', '', null, 'NO', null);
INSERT INTO `vl_column` VALUES ('1120', '128', 'gaip', '', 'char(20)', '', null, 'NO', null);
INSERT INTO `vl_column` VALUES ('1121', '128', 'stat', '', 'int(1)', '', null, 'YES', '1');
INSERT INTO `vl_column` VALUES ('1122', '129', 'id', '', 'int(10)', 'PRI', null, 'NO', null);
INSERT INTO `vl_column` VALUES ('1123', '129', 'device', '', 'char(18)', '', null, 'NO', null);
INSERT INTO `vl_column` VALUES ('1124', '129', 'devip', '', 'char(15)', '', null, 'YES', null);
INSERT INTO `vl_column` VALUES ('1125', '129', 'devtype', '', 'char(1)', '', null, 'NO', null);
INSERT INTO `vl_column` VALUES ('1126', '129', 'lkCode', '', 'char(10)', '', null, 'NO', null);
INSERT INTO `vl_column` VALUES ('1127', '129', 'fxCode', '', 'char(10)', '', null, 'NO', null);
INSERT INTO `vl_column` VALUES ('1128', '129', 'cdCode', '', 'char(10)', '', null, 'YES', null);
INSERT INTO `vl_column` VALUES ('1129', '130', 'id', '', 'int(10)', 'PRI', null, 'NO', null);
INSERT INTO `vl_column` VALUES ('1130', '130', 'device', '', 'char(24)', '', null, 'NO', null);
INSERT INTO `vl_column` VALUES ('1131', '130', 'devip', '', 'char(15)', '', null, 'YES', null);
INSERT INTO `vl_column` VALUES ('1132', '130', 'devtype', '', 'char(1)', '', null, 'NO', null);
INSERT INTO `vl_column` VALUES ('1133', '130', 'lkCode', '', 'char(100)', '', null, 'NO', '');
INSERT INTO `vl_column` VALUES ('1134', '130', 'fxCode', '', 'char(10)', '', null, 'NO', null);
INSERT INTO `vl_column` VALUES ('1135', '130', 'cdCode', '', 'char(10)', '', null, 'YES', null);
INSERT INTO `vl_column` VALUES ('1136', '130', 'CheckStatus', '', 'int(11)', '', null, 'NO', '0');
INSERT INTO `vl_column` VALUES ('1137', '130', 'CheckTime', '', 'char(20)', '', null, 'NO', '');
INSERT INTO `vl_column` VALUES ('1138', '130', 'LastFaultTime', '', 'char(20)', '', null, 'YES', null);
INSERT INTO `vl_column` VALUES ('1139', '131', 'fwlx', '', 'char(1)', '', null, 'NO', null);
INSERT INTO `vl_column` VALUES ('1140', '131', 'cgxx', '', 'char(1)', '', null, 'NO', null);
INSERT INTO `vl_column` VALUES ('1141', '131', 'syts', '', 'char(1)', '', null, 'NO', null);
INSERT INTO `vl_column` VALUES ('1142', '131', 'csms', '', 'char(5)', '', null, 'NO', null);
INSERT INTO `vl_column` VALUES ('1143', '131', 'zdbf', '', 'char(1)', '', null, 'NO', null);
INSERT INTO `vl_column` VALUES ('1144', '131', 'lbsl', '', 'char(4)', '', null, 'NO', null);
INSERT INTO `vl_column` VALUES ('1145', '131', 'sslb', '', 'char(2)', '', null, 'NO', null);
INSERT INTO `vl_column` VALUES ('1146', '131', 'scdx', '', 'char(3)', '', null, 'NO', null);
INSERT INTO `vl_column` VALUES ('1147', '131', 'cpcx', '', 'char(1)', '', null, 'NO', null);
INSERT INTO `vl_column` VALUES ('1148', '131', 'cxlx', '', 'char(1)', '', null, 'NO', null);
INSERT INTO `vl_column` VALUES ('1149', '131', 'hpwz', '', 'char(1)', '', null, 'NO', null);
INSERT INTO `vl_column` VALUES ('1150', '131', 'dlsj', '', 'char(1)', '', null, 'NO', null);
INSERT INTO `vl_column` VALUES ('1151', '131', 'bjys', '', 'char(7)', '', null, 'YES', null);
INSERT INTO `vl_column` VALUES ('1152', '131', 'qwyd', '', 'char(3)', '', null, 'NO', null);
INSERT INTO `vl_column` VALUES ('1153', '131', 'yzyd', '', 'char(3)', '', null, 'NO', null);
INSERT INTO `vl_column` VALUES ('1154', '131', 'pdsj', '', 'char(10)', '', null, 'NO', null);
INSERT INTO `vl_column` VALUES ('1155', '131', 'clpd', '', 'char(3)', '', null, 'NO', null);
INSERT INTO `vl_column` VALUES ('1156', '131', 'xzqy', '', 'char(20)', '', null, 'NO', null);
INSERT INTO `vl_column` VALUES ('1157', '131', 'ssxq', '', 'char(40)', '', null, 'NO', null);
INSERT INTO `vl_column` VALUES ('1158', '131', 'xzqh', '', 'char(6)', '', null, 'NO', null);
INSERT INTO `vl_column` VALUES ('1159', '131', 'cpjc', '', 'char(3)', '', null, 'YES', null);
INSERT INTO `vl_column` VALUES ('1160', '131', 'cpqy', '', 'char(1)', '', null, 'YES', null);
INSERT INTO `vl_column` VALUES ('1161', '131', 'hpys', '', 'char(1)', '', null, 'YES', null);
INSERT INTO `vl_column` VALUES ('1162', '131', 'hpzl', '', 'char(2)', '', null, 'YES', null);
INSERT INTO `vl_column` VALUES ('1163', '131', 'cllx', '', 'char(3)', '', null, 'YES', null);
INSERT INTO `vl_column` VALUES ('1164', '131', 'bklx', '', 'char(1)', '', null, 'NO', null);
INSERT INTO `vl_column` VALUES ('1165', '131', 'bkbj', '', 'char(6)', '', null, 'NO', null);
INSERT INTO `vl_column` VALUES ('1166', '131', 'csbj', '', 'char(6)', '', null, 'NO', null);
INSERT INTO `vl_column` VALUES ('1167', '131', 'wfbj', '', 'char(6)', '', null, 'NO', null);
INSERT INTO `vl_column` VALUES ('1168', '131', 'hdbj', '', 'char(6)', '', null, 'YES', null);
INSERT INTO `vl_column` VALUES ('1169', '131', 'qtbj', '', 'char(6)', '', null, 'YES', null);
INSERT INTO `vl_column` VALUES ('1170', '131', 'bjxs1', '', 'char(20)', '', null, 'YES', null);
INSERT INTO `vl_column` VALUES ('1171', '131', 'bjxs2', '', 'char(20)', '', null, 'YES', null);
INSERT INTO `vl_column` VALUES ('1172', '131', 'ddqc', '', 'char(50)', '', null, 'NO', null);
INSERT INTO `vl_column` VALUES ('1173', '131', 'zwqc', '', 'char(50)', '', null, 'NO', null);
INSERT INTO `vl_column` VALUES ('1174', '131', 'zwjc', '', 'char(50)', '', null, 'NO', null);
INSERT INTO `vl_column` VALUES ('1175', '131', 'ywqc', '', 'char(30)', '', null, 'NO', null);
INSERT INTO `vl_column` VALUES ('1176', '131', 'ywjc', '', 'char(30)', '', null, 'NO', null);
INSERT INTO `vl_column` VALUES ('1177', '131', 'xtmc', '', 'char(40)', '', null, 'NO', null);
INSERT INTO `vl_column` VALUES ('1178', '131', 'bqxx', '', 'char(30)', '', null, 'NO', null);
INSERT INTO `vl_column` VALUES ('1179', '131', 'zxbb', '', 'char(30)', '', null, 'NO', null);
INSERT INTO `vl_column` VALUES ('1180', '131', 'gswx', '', 'char(20)', '', null, 'YES', null);
INSERT INTO `vl_column` VALUES ('1181', '131', 'gsdh', '', 'char(20)', '', null, 'YES', null);
INSERT INTO `vl_column` VALUES ('1182', '131', 'gscz', '', 'char(20)', '', null, 'YES', null);
INSERT INTO `vl_column` VALUES ('1183', '131', 'czxx', '', 'char(50)', '', null, 'YES', null);
INSERT INTO `vl_column` VALUES ('1184', '131', 'gywm', '', 'varchar(3000)', '', null, 'YES', null);
INSERT INTO `vl_column` VALUES ('1185', '131', 'bbsm', '', 'varchar(3000)', '', null, 'YES', null);
INSERT INTO `vl_column` VALUES ('1186', '131', 'xtbz', '', 'varchar(3000)', '', null, 'YES', null);
INSERT INTO `vl_column` VALUES ('1187', '131', 'jklx', '', 'char(1)', '', null, 'NO', null);
INSERT INTO `vl_column` VALUES ('1188', '131', 'jkms', '', 'char(1)', '', null, 'NO', null);
INSERT INTO `vl_column` VALUES ('1189', '131', 'jkdz', '', 'varchar(255)', '', null, 'YES', null);
INSERT INTO `vl_column` VALUES ('1190', '131', 'jkxh', '', 'char(128)', '', null, 'YES', null);
INSERT INTO `vl_column` VALUES ('1191', '131', 'stip', '', 'char(15)', '', null, 'YES', null);
INSERT INTO `vl_column` VALUES ('1192', '131', 'stdk', '', 'char(5)', '', null, 'YES', null);
INSERT INTO `vl_column` VALUES ('1193', '131', 'nmsip', '', 'char(15)', '', null, 'YES', null);
INSERT INTO `vl_column` VALUES ('1194', '131', 'sfjc', '', 'char(2)', '', null, 'YES', null);
INSERT INTO `vl_column` VALUES ('1195', '131', 'cpqh', '', 'char(1)', '', null, 'YES', null);
INSERT INTO `vl_column` VALUES ('1196', '131', 'clfl', '', 'char(1)', '', null, 'YES', null);
INSERT INTO `vl_column` VALUES ('1197', '131', 'wfxw', '', 'char(5)', '', null, 'YES', null);
INSERT INTO `vl_column` VALUES ('1198', '131', 'zfyy', '', 'char(20)', '', null, 'YES', null);
INSERT INTO `vl_column` VALUES ('1199', '131', 'jxdz', '', 'char(50)', '', null, 'YES', null);
INSERT INTO `vl_column` VALUES ('1200', '131', 'jxyb', '', 'char(6)', '', null, 'YES', null);
INSERT INTO `vl_column` VALUES ('1201', '131', 'lxr', '', 'char(10)', '', null, 'YES', null);
INSERT INTO `vl_column` VALUES ('1202', '131', 'dhhm', '', 'char(25)', '', null, 'YES', null);
INSERT INTO `vl_column` VALUES ('1203', '132', 'ipId', '', 'int(10)', 'PRI', null, 'NO', null);
INSERT INTO `vl_column` VALUES ('1204', '132', 'ipInt', '', 'char(100)', '', null, 'YES', null);
INSERT INTO `vl_column` VALUES ('1205', '132', 'ipInts', '', 'int(11)', '', null, 'YES', '1');
INSERT INTO `vl_column` VALUES ('1206', '132', 'ipOut', '', 'char(100)', '', null, 'YES', null);
INSERT INTO `vl_column` VALUES ('1207', '132', 'ipOuts', '', 'int(11)', '', null, 'YES', '1');
INSERT INTO `vl_column` VALUES ('1208', '132', 'ipHost', '', 'char(10)', '', null, 'NO', null);
INSERT INTO `vl_column` VALUES ('1209', '132', 'ipMark', '', 'char(20)', '', null, 'YES', null);
INSERT INTO `vl_column` VALUES ('1210', '132', 'ipHome', '', 'int(1)', '', null, 'NO', null);
INSERT INTO `vl_column` VALUES ('1211', '132', 'ipShow', '', 'int(11)', '', null, 'YES', '1');
INSERT INTO `vl_column` VALUES ('1212', '133', 'roleId', '', 'int(11)', 'PRI', null, 'NO', null);
INSERT INTO `vl_column` VALUES ('1213', '133', 'roleName', '', 'char(20)', '', null, 'NO', null);
INSERT INTO `vl_column` VALUES ('1214', '133', 'roleExplain', '', 'varchar(255)', '', null, 'YES', null);
INSERT INTO `vl_column` VALUES ('1215', '133', 'rolePurview', '', 'varchar(2000)', '', null, 'NO', null);
INSERT INTO `vl_column` VALUES ('1216', '133', 'roleModule', '', 'char(150)', '', null, 'YES', null);
INSERT INTO `vl_column` VALUES ('1217', '133', 'isShow', '', 'int(1)', '', null, 'YES', '1');
INSERT INTO `vl_column` VALUES ('1218', '134', 'id', '', 'int(10)', 'PRI', null, 'NO', null);
INSERT INTO `vl_column` VALUES ('1219', '134', 'code', '', 'char(12)', '', null, 'NO', null);
INSERT INTO `vl_column` VALUES ('1220', '134', 'name', '', 'char(64)', '', null, 'NO', null);
INSERT INTO `vl_column` VALUES ('1221', '134', 'sort', '', 'varchar(3000)', '', null, 'YES', null);
INSERT INTO `vl_column` VALUES ('1222', '134', 'stat', '', 'int(11)', '', null, 'YES', '1');
INSERT INTO `vl_column` VALUES ('1223', '135', 'treeId', '', 'int(11)', 'PRI', null, 'NO', null);
INSERT INTO `vl_column` VALUES ('1224', '135', 'parentId', '', 'char(2)', '', null, 'NO', null);
INSERT INTO `vl_column` VALUES ('1225', '135', 'orderId', '', 'char(2)', '', null, 'NO', null);
INSERT INTO `vl_column` VALUES ('1226', '135', 'treePrv', '', 'char(2)', '', null, 'NO', null);
INSERT INTO `vl_column` VALUES ('1227', '135', 'treeName', '', 'char(24)', '', null, 'NO', null);
INSERT INTO `vl_column` VALUES ('1228', '135', 'url', '', 'char(45)', '', null, 'YES', null);
INSERT INTO `vl_column` VALUES ('1229', '135', 'module', '', 'char(4)', '', null, 'NO', null);
INSERT INTO `vl_column` VALUES ('1230', '135', 'isShow', '', 'int(1)', '', null, 'YES', '1');
INSERT INTO `vl_column` VALUES ('1231', '136', 'userId', '', 'int(11)', 'PRI', null, 'NO', null);
INSERT INTO `vl_column` VALUES ('1232', '136', 'loginName', '', 'char(25)', '', null, 'NO', null);
INSERT INTO `vl_column` VALUES ('1233', '136', 'username', '', 'char(20)', '', null, 'NO', null);
INSERT INTO `vl_column` VALUES ('1234', '136', 'password', '', 'char(40)', '', null, 'NO', null);
INSERT INTO `vl_column` VALUES ('1235', '136', 'userSex', '', 'char(1)', '', null, 'NO', null);
INSERT INTO `vl_column` VALUES ('1236', '136', 'telephone', '', 'char(20)', '', null, 'YES', null);
INSERT INTO `vl_column` VALUES ('1237', '136', 'policeId', '', 'char(12)', '', null, 'YES', null);
INSERT INTO `vl_column` VALUES ('1238', '136', 'clientIP', '', 'char(15)', '', null, 'YES', null);
INSERT INTO `vl_column` VALUES ('1239', '136', 'isBindIP', '', 'char(1)', '', null, 'YES', null);
INSERT INTO `vl_column` VALUES ('1240', '136', 'userInfo', '', 'varchar(255)', '', null, 'YES', null);
INSERT INTO `vl_column` VALUES ('1241', '136', 'deptId', '', 'int(10)', '', null, 'NO', null);
INSERT INTO `vl_column` VALUES ('1242', '136', 'roleId', '', 'int(10)', '', null, 'NO', null);
INSERT INTO `vl_column` VALUES ('1243', '136', 'isShow', '', 'int(1)', '', null, 'YES', '1');

-- ----------------------------
-- Table structure for `vl_database_config`
-- ----------------------------
DROP TABLE IF EXISTS `vl_database_config`;
CREATE TABLE `vl_database_config` (
  `id` int(11) NOT NULL AUTO_INCREMENT COMMENT '数据库id',
  `driver` char(255) NOT NULL DEFAULT 'mysql' COMMENT '数据库类型',
  `dsn` char(255) DEFAULT NULL COMMENT 'dsn',
  `database` char(40) NOT NULL DEFAULT 'manp' COMMENT '数据库',
  `host` char(40) NOT NULL DEFAULT 'localhost' COMMENT '主机名',
  `username` char(40) NOT NULL DEFAULT 'root' COMMENT '用户名',
  `password` char(40) NOT NULL DEFAULT '123456' COMMENT '密码',
  `prefix` char(255) DEFAULT NULL COMMENT '表前缀',
  `charset` char(255) DEFAULT 'utf8' COMMENT '字符集',
  `port` int(6) DEFAULT '3306' COMMENT '端口号',
  `params` char(255) DEFAULT NULL COMMENT '额外参数',
  `collation` varchar(40) DEFAULT NULL COMMENT '字符集',
  `comment` varchar(40) DEFAULT NULL COMMENT '注释',
  `introduce` text COMMENT '介绍',
  `user_id` int(6) DEFAULT NULL COMMENT '用户id',
  PRIMARY KEY (`id`)
) ENGINE=MyISAM AUTO_INCREMENT=25 DEFAULT CHARSET=utf8;

-- ----------------------------
-- Records of vl_database_config
-- ----------------------------
INSERT INTO `vl_database_config` VALUES ('17', 'mysql', null, 'manp', 'localhost', 'root', '123456', null, 'utf8', '3306', null, 'utf8_general_ci', 'manp项目', '总数据库1', null);
INSERT INTO `vl_database_config` VALUES ('19', 'mysql', null, 'vuelar', 'localhost', 'root', '123456', 'vl_', 'utf8', '3306', null, 'utf8_general_ci', null, null, null);
INSERT INTO `vl_database_config` VALUES ('22', 'mysql', null, 'audit', '192.168.0.241', 'root', '123456', null, 'latin1', '3306', null, 'latin1_swedish_ci', '违法审核平台', null, null);
INSERT INTO `vl_database_config` VALUES ('23', 'mysql', null, 'trk', '192.168.0.241', 'root', '123456', null, 'latin1', '3306', null, 'latin1_swedish_ci', null, null, null);
INSERT INTO `vl_database_config` VALUES ('24', 'mysql', null, 'track', '192.168.0.241', 'root', '123456', null, 'latin1', '3306', null, 'latin1_swedish_ci', null, null, null);

-- ----------------------------
-- Table structure for `vl_table`
-- ----------------------------
DROP TABLE IF EXISTS `vl_table`;
CREATE TABLE `vl_table` (
  `id` int(11) NOT NULL AUTO_INCREMENT,
  `name` varchar(20) NOT NULL COMMENT '表名',
  `comment` varchar(20) DEFAULT NULL COMMENT '表的注释',
  `introduce` text COMMENT '表介绍',
  `db_id` int(11) NOT NULL COMMENT '数据库ID',
  PRIMARY KEY (`id`)
) ENGINE=MyISAM AUTO_INCREMENT=137 DEFAULT CHARSET=utf8;

-- ----------------------------
-- Records of vl_table
-- ----------------------------
INSERT INTO `vl_table` VALUES ('54', 'user', '用户表', '用户表介绍', '17');
INSERT INTO `vl_table` VALUES ('52', 'dict', '用于好多', '字典表', '17');
INSERT INTO `vl_table` VALUES ('53', 'table_column', null, '栏位表', '17');
INSERT INTO `vl_table` VALUES ('51', 'database_config', null, '数据库配置', '17');
INSERT INTO `vl_table` VALUES ('61', 'database_config', '数据库配置表', '数据库配置信息', '19');
INSERT INTO `vl_table` VALUES ('60', 'column', '栏位信息', null, '19');
INSERT INTO `vl_table` VALUES ('63', 'table', null, null, '19');
INSERT INTO `vl_table` VALUES ('64', 'user', null, '用户表', '19');
INSERT INTO `vl_table` VALUES ('69', 'deed', '违法信息表', '存储违法信息，罚款金额，违法代码等', '22');
INSERT INTO `vl_table` VALUES ('70', 'disuse', null, null, '22');
INSERT INTO `vl_table` VALUES ('71', 'effect', null, null, '22');
INSERT INTO `vl_table` VALUES ('72', 'fzjg', null, null, '22');
INSERT INTO `vl_table` VALUES ('73', 'info', null, null, '22');
INSERT INTO `vl_table` VALUES ('74', 'jnl', null, null, '22');
INSERT INTO `vl_table` VALUES ('75', 'list', null, null, '22');
INSERT INTO `vl_table` VALUES ('76', 'map_fzjg', null, null, '22');
INSERT INTO `vl_table` VALUES ('77', 'phone', null, null, '22');
INSERT INTO `vl_table` VALUES ('78', 'role', null, null, '22');
INSERT INTO `vl_table` VALUES ('79', 'tree', null, null, '22');
INSERT INTO `vl_table` VALUES ('80', 'upload', null, null, '22');
INSERT INTO `vl_table` VALUES ('81', 'vehicle_info', null, null, '22');
INSERT INTO `vl_table` VALUES ('82', 'wfinfo', null, null, '22');
INSERT INTO `vl_table` VALUES ('83', 'ajspk', null, null, '23');
INSERT INTO `vl_table` VALUES ('84', 'akt', null, null, '23');
INSERT INTO `vl_table` VALUES ('85', 'announcement', null, null, '23');
INSERT INTO `vl_table` VALUES ('86', 'bjlx', null, null, '23');
INSERT INTO `vl_table` VALUES ('87', 'brc', null, null, '23');
INSERT INTO `vl_table` VALUES ('88', 'cbagl', null, null, '23');
INSERT INTO `vl_table` VALUES ('89', 'cfg', null, null, '23');
INSERT INTO `vl_table` VALUES ('90', 'circle_sch', null, null, '23');
INSERT INTO `vl_table` VALUES ('91', 'clk', null, null, '23');
INSERT INTO `vl_table` VALUES ('92', 'clzpbf', null, null, '23');
INSERT INTO `vl_table` VALUES ('93', 'czcjsy', null, null, '23');
INSERT INTO `vl_table` VALUES ('94', 'devs_v2', null, null, '23');
INSERT INTO `vl_table` VALUES ('95', 'devs_v2_app', null, null, '23');
INSERT INTO `vl_table` VALUES ('96', 'dkt', null, null, '23');
INSERT INTO `vl_table` VALUES ('97', 'dpt', null, null, '23');
INSERT INTO `vl_table` VALUES ('98', 'gzsb', null, null, '23');
INSERT INTO `vl_table` VALUES ('99', 'jcry', null, null, '23');
INSERT INTO `vl_table` VALUES ('100', 'jfsz', null, null, '23');
INSERT INTO `vl_table` VALUES ('101', 'jfyj', null, null, '23');
INSERT INTO `vl_table` VALUES ('102', 'jnl', null, null, '23');
INSERT INTO `vl_table` VALUES ('103', 'jscxqq', null, null, '23');
INSERT INTO `vl_table` VALUES ('104', 'lgzssj', null, null, '23');
INSERT INTO `vl_table` VALUES ('105', 'lock_camera', null, null, '23');
INSERT INTO `vl_table` VALUES ('106', 'mjxfbb', null, null, '23');
INSERT INTO `vl_table` VALUES ('107', 'msg_phone', null, null, '23');
INSERT INTO `vl_table` VALUES ('108', 'plan', null, null, '23');
INSERT INTO `vl_table` VALUES ('109', 'rlzp', null, null, '23');
INSERT INTO `vl_table` VALUES ('110', 'roe', null, null, '23');
INSERT INTO `vl_table` VALUES ('111', 'rybk', null, null, '23');
INSERT INTO `vl_table` VALUES ('112', 'ryzpbf', null, null, '23');
INSERT INTO `vl_table` VALUES ('113', 'saxsk', null, null, '23');
INSERT INTO `vl_table` VALUES ('114', 'serverconfig', null, null, '23');
INSERT INTO `vl_table` VALUES ('115', 'spzak', null, null, '23');
INSERT INTO `vl_table` VALUES ('116', 't_rzgl', null, null, '23');
INSERT INTO `vl_table` VALUES ('117', 'third_party_platform', null, null, '23');
INSERT INTO `vl_table` VALUES ('118', 'timing_log', null, null, '23');
INSERT INTO `vl_table` VALUES ('119', 'wbjz', null, null, '23');
INSERT INTO `vl_table` VALUES ('120', 'wbryswsj', null, null, '23');
INSERT INTO `vl_table` VALUES ('121', 'wpajk', null, null, '23');
INSERT INTO `vl_table` VALUES ('122', 'xqgl', null, null, '23');
INSERT INTO `vl_table` VALUES ('123', 'xygl', null, null, '23');
INSERT INTO `vl_table` VALUES ('124', 'yddw', null, null, '23');
INSERT INTO `vl_table` VALUES ('125', 'zdryjk', null, null, '23');
INSERT INTO `vl_table` VALUES ('126', 'dept', null, null, '24');
INSERT INTO `vl_table` VALUES ('127', 'dict', null, null, '24');
INSERT INTO `vl_table` VALUES ('128', 'extent', null, null, '24');
INSERT INTO `vl_table` VALUES ('129', 'hypo', null, null, '24');
INSERT INTO `vl_table` VALUES ('130', 'hyponew', null, null, '24');
INSERT INTO `vl_table` VALUES ('131', 'info', null, null, '24');
INSERT INTO `vl_table` VALUES ('132', 'ipser', null, null, '24');
INSERT INTO `vl_table` VALUES ('133', 'role', null, null, '24');
INSERT INTO `vl_table` VALUES ('134', 'section', null, null, '24');
INSERT INTO `vl_table` VALUES ('135', 'tree', null, null, '24');
INSERT INTO `vl_table` VALUES ('136', 'user', null, null, '24');

-- ----------------------------
-- Table structure for `vl_user`
-- ----------------------------
DROP TABLE IF EXISTS `vl_user`;
CREATE TABLE `vl_user` (
  `id` int(11) NOT NULL,
  `user` varchar(10) NOT NULL COMMENT '用户',
  `pwd` varchar(40) NOT NULL COMMENT '密码',
  `real_name` varchar(40) DEFAULT NULL COMMENT '真实姓名',
  `nick_name` varchar(40) DEFAULT NULL COMMENT '昵称',
  PRIMARY KEY (`id`)
) ENGINE=MyISAM DEFAULT CHARSET=utf8;

-- ----------------------------
-- Records of vl_user
-- ----------------------------
